product_id,product_name,category,num_reviews_total,num_reviews_clean,num_fakes_removed,avg_star_rating,avg_predicted_star,avg_predicted_confidence,agg_norm_rating,agg_predicted_star_norm,agg_predicted_confidence,agg_mean_mismatch,agg_helpful_votes_total,fuzzy_quality,fuzzy_consensus,fuzzy_dispute,fuzzy_engagement,topsis_score,confidence_discount,senticrank_score,senticrank_score_100,baseline_star_score,sentic_rank_overall,sentic_rank_in_category,baseline_rank_overall,rank_delta
1801690,Samsung UE43N5300AUXCE 109 см черный,TVs,20,20,0,4.35,4.45,0.8840915564587183,0.7630813953488355,0.7805232558139515,0.9096357802319652,0.06976744186046427,172.0,0.875,1.0,1.0,0.5699332236341983,0.7924805516783444,0.8,0.717918621610486,71.7918621610486,86.99999999999999,426,48,483,57
3600163,Indesit IWSB 5105 белый,HomeAppliances,25,25,0,3.6,3.4,0.7402778915642323,0.675518134715026,0.7053108808290163,0.7780606378623698,0.2383419689119159,386.0,0.7612637362640547,0.9561212757228273,1.0,0.6589776904349663,0.7237039016788658,0.8333333333333334,0.6557913595418641,65.57913595418641,72.0,495,59,603,108
3600287,Indesit IWSC 6105 CIS белый,HomeAppliances,18,18,0,4.5,4.5,0.857528919803968,0.7086776859504076,0.7086776859504076,0.865133370246663,0.0,121.0,0.768617021276888,1.0,1.0,0.5313053123861093,0.7411770837473054,0.782608695652174,0.6632979165506516,66.32979165506516,90.0,484,57,434,-50
3600975,Artel ART TC 60 белый,HomeAppliances,23,23,0,3.4782608695652173,3.4347826086956523,0.8051567281183832,0.7621428571428587,0.754285714285716,0.8474016672711107,0.03142857142857121,350.0,0.875,1.0,1.0,0.6481792703011847,0.7979242713173115,0.8214285714285714,0.7293113115634597,72.93113115634597,69.56521739130434,406,50,614,208
3601248,Indesit IWUB 4105 CIS белый,HomeAppliances,23,23,0,3.217391304347826,3.217391304347826,0.8084085166480273,0.410836177474401,0.41254266211603924,0.8619325787829468,0.04436860068259379,586.0,0.4028128950698188,1.0,1.0,0.7050519807945669,0.48650867776366186,0.8214285714285714,0.4114963598528321,41.14963598528321,64.34782608695653,660,65,637,-23
3601349,Artel TC 100 P белый,HomeAppliances,24,24,0,3.625,3.625,0.7909244067690565,0.8382768361581934,0.8382768361581934,0.8718463186930401,0.0,354.0,0.875,1.0,1.0,0.6494324957060003,0.8506883490636756,0.8275862068965517,0.7852822878199158,78.52822878199159,72.5,276,41,600,324
3601479,Indesit EWSD 51031 BK CIS белый,HomeAppliances,24,24,0,2.5,2.4166666666666665,0.834972190243405,0.35451127819548883,0.34699248120300785,0.8399053163749858,0.07819548872180328,665.0,0.3346424702054812,1.0,1.0,0.7190163629915656,0.44323522484639516,0.8275862068965517,0.366339169529858,36.6339169529858,50.0,669,66,678,9
3601553,LG F2V5HS2S серебристый,HomeAppliances,21,21,0,4.428571428571429,4.380952380952381,0.7999637237087014,0.7229729729729677,0.711711711711706,0.8213214850683063,0.04504504504504661,111.0,0.7753906250002798,1.0,1.0,0.5218469056365559,0.7511687009188784,0.8076923076923077,0.6785582442352357,67.85582442352357,88.57142857142858,466,55,461,-5
4801876,Наушники Apple EarPods Lightning белый,Headphones,20,20,0,2.8,2.85,0.7333619370920867,0.8438485804416413,0.8462145110410104,0.651554539496339,0.009463722397476329,1585.0,0.875,0.7031090789912718,1.0,0.8149783452331834,0.843950273518573,0.8,0.7690757282014998,76.90757282014998,55.99999999999999,326,33,667,341
17600092,Bioderma Sensibio DS+ Cream Крем против себорейного дерматита 40 мл,Beauty,28,28,0,4.285714285714286,4.285714285714286,0.8044226011769788,0.6749999999999896,0.6749999999999896,0.8056671910741973,0.0,60.0,0.7019230769234313,1.0,1.0,0.4546460355287156,0.7020388288972323,0.8484848484848485,0.6357853859582131,63.57853859582131,85.71428571428571,512,68,498,-14
17601333,ACM Laboratoire крем Sebionex Trio для лица 40 мл,Beauty,25,25,0,5.0,4.8,0.7096405383959313,1.0,1.0,0.7754074479773662,0.0,18.0,0.875,0.9508148959528308,1.0,0.325643051323212,0.8646814088800817,0.8333333333333334,0.8017509868919538,80.17509868919538,100.0,218,11,1,-217
17601412,"ACM Laboratoire гель Vitix для лица, для зоны декольте 50 мл",Beauty,23,23,0,4.304347826086956,4.3478260869565215,0.641406394675275,0.5263157894736865,0.5657894736842138,0.5225701700153229,0.15789473684210942,19.0,0.5781249999997558,0.44514034002975555,1.0,0.3313158823837186,0.534383644869832,0.8214285714285714,0.46035512182222627,46.035512182222625,86.08695652173913,643,113,493,-150
100080031,LG F4V5VS0W белый,HomeAppliances,21,21,0,4.523809523809524,4.523809523809524,0.8365350252877268,0.6977272727272691,0.6977272727272691,0.7628203231509452,0.0,220.0,0.7453007518800311,0.9256406463000392,1.0,0.597014978438793,0.7318063812935715,0.8076923076923077,0.6591284815256541,65.9128481525654,90.47619047619048,490,58,433,-57
100117217,Велосипед STELS 325 2020 20 дюймов бежевый,Sport,27,27,0,4.62962962962963,4.592592592592593,0.7853831364863753,0.8944444444444442,0.8916666666666667,0.768207906287167,0.011111111111109774,180.0,0.875,0.9364158125724611,1.0,0.5749327622456972,0.8744109919414857,0.84375,0.8157222168426377,81.57222168426377,92.5925925925926,148,14,401,253
100182013,Samsung UE43T5300AUXCE 109 см черный,TVs,23,23,0,3.3043478260869565,3.217391304347826,0.8351932556964267,0.7936507936507947,0.7887864823348706,0.911063087462028,0.019457245263696642,1953.0,0.875,1.0,1.0,0.8380556773356285,0.8323177749631119,0.8214285714285714,0.764411576054442,76.4411576054442,66.08695652173913,339,41,631,292
100383545,Наушники Logitech G Pro X черный,Headphones,30,29,1,4.448275862068965,4.137931034482759,0.7024372676831147,0.7150735294117562,0.7169117647058778,0.6578517553369233,0.3308823529411676,136.0,0.7873376623379205,0.7157035106724152,1.0,0.5441300065903343,0.7330777401370164,0.8529411764705882,0.6693905023280611,66.93905023280611,88.96551724137932,479,48,455,-24
100460960,Велосипед БАРС Принцесса 2023 one size розовый,Sport,22,22,0,3.727272727272727,3.6818181818181817,0.7935081685613301,0.6220930232558115,0.5906976744186015,0.8115127234272405,0.12558139534883994,215.0,0.5998293515355406,1.0,1.0,0.594484068026292,0.6548178156898518,0.8148148148148148,0.5825937214354808,58.259372143548084,74.54545454545453,551,66,588,37
100509545,LG F2V5GG2S серый,HomeAppliances,22,22,0,4.636363636363637,4.636363636363637,0.8315294853081517,0.9220085470085472,0.9220085470085472,0.865977262746464,0.0,468.0,0.875,1.0,1.0,0.6802318088999267,0.9066394349883946,0.8148148148148148,0.837520873277466,83.75208732774661,92.72727272727273,56,8,397,341
100509735,Наушники Sony WH-1000XM4 серебристый,Headphones,29,29,0,4.655172413793103,4.586206896551724,0.7830132079901797,0.9489010989010993,0.9434065934065937,0.816488373714529,0.021978021978022087,455.0,0.875,1.0,1.0,0.6771229610467635,0.9190851912426883,0.8529411764705882,0.8665027396290832,86.65027396290832,93.10344827586206,5,1,387,382
100797845,"Apple MacBook Air 13 2020 13.3"" / 8 Гб / SSD 256 Гб / macOS / MGN63",Laptops,27,27,0,3.8518518518518516,3.925925925925926,0.8079927858045853,0.9070512820512822,0.9192994505494505,0.8855666383952437,0.048992673992673916,4368.0,0.875,1.0,1.0,0.9270473343247205,0.9230942695897123,0.84375,0.8667559996058959,86.6755999605896,77.03703703703704,4,1,567,563
100934284,Наушники Razer Blackshark V2 X черный,Headphones,30,30,0,2.6666666666666665,2.7333333333333334,0.7315930383647661,0.6011673151750996,0.6050583657587567,0.7670856606716296,0.07782101167314996,257.0,0.6109589041092779,0.934171321341391,1.0,0.6141348881409898,0.6412182509393588,0.8571428571428571,0.5724018428068951,57.24018428068951,53.333333333333336,560,56,675,115
101086242,Велосипед Focus Super 2020 one size черный,Sport,26,25,1,3.4,3.32,0.7844790564453912,0.7144549763033192,0.6676540284360204,0.8113715705061434,0.21563981042654046,422.0,0.6891711229950298,1.0,1.0,0.6688149229124892,0.7399483810535517,0.8333333333333334,0.6726099159420792,67.26099159420792,68.0,475,62,620,145
101182724,"Apple MacBook Air 13 2020 13.3"" / 8 Гб / SSD 256 Гб / macOS / MGN63RU/A",Laptops,28,28,0,4.392857142857143,4.5,0.8385808491186687,0.5789902280130271,0.5863192182410399,0.9145439045669554,0.02931596091205148,614.0,0.5962469733653294,1.0,1.0,0.7102054702202039,0.6309751844395821,0.8484848484848485,0.5608726372291281,56.0872637229128,87.85714285714286,569,68,473,-96
101293496,LG 43LM5772PLA 109 см черный,TVs,17,17,0,4.0,3.4705882352941178,0.791387520400099,0.8948040885860317,0.7248722316865426,0.7599894873470614,0.6797274275979561,587.0,0.8065015479878421,0.9199789746922828,0.8251703577517145,0.7052402292801195,0.8801927935034293,0.7727272727272727,0.7946970472037556,79.46970472037556,80.0,236,26,542,306
101407423,Наушники JBL Tune 510BT розовый,Headphones,24,24,0,4.208333333333333,4.125,0.7584580740429416,0.8858173076923073,0.8581730769230766,0.7730753829101502,0.1971153846153825,208.0,0.875,0.9461507658184082,1.0,0.5908405775455503,0.8722588433049621,0.8275862068965517,0.8074610602562841,80.74610602562841,84.16666666666666,195,21,512,317
101500965,BEKO WSPE6H616W белый,HomeAppliances,27,27,0,4.703703703703703,4.7407407407407405,0.8194869411905301,0.8777372262773709,0.8923357664233565,0.8443855708341871,0.05839416058394206,274.0,0.875,1.0,1.0,0.6211921835602007,0.8728831445892858,0.84375,0.8141206026203784,81.41206026203784,94.07407407407406,160,31,368,208
101559314,Велосипед Skillmax DR-Z 2021 17 дюймов серый-оранжевый,Sport,25,25,0,4.36,4.48,0.7920610481345587,0.8351648351648352,0.8681318681318683,0.7792556857949683,0.13186813186813284,91.0,0.875,0.9585113715880196,1.0,0.5000915420857357,0.8312436309497861,0.8333333333333334,0.7671315238087045,76.71315238087045,87.20000000000002,331,40,481,150
101601970,Велосипед Skillmax DR-Z 2021 13 дюймов серый,Sport,27,27,0,4.7407407407407405,4.851851851851852,0.8703289031765675,0.8951612903225763,0.903225806451608,0.8530957840624624,0.03225806451612671,31.0,0.875,1.0,1.0,0.3832963842869687,0.8476692947673846,0.84375,0.7876893885239464,78.76893885239464,94.81481481481481,268,29,349,81
101625140,Велосипед Skillmax DR-Z 2021 14 дюймов зеленый,Sport,28,28,0,4.392857142857143,4.392857142857143,0.8507964421073687,0.917391304347827,0.9163043478260876,0.8939098566280561,0.02173913043478141,230.0,0.875,1.0,1.0,0.6019094035806895,0.8921551866518826,0.8484848484848485,0.8361992409815149,83.61992409815149,87.85714285714286,63,4,473,410
101662678,Музыкальный коврик Huanger 75x60 см,Kids,27,27,0,3.3703703703703702,3.4814814814814814,0.7284948987969279,0.5648148148148147,0.5949074074074072,0.8191235340466758,0.13888888888888645,216.0,0.6031879194627879,1.0,1.0,0.594994904770807,0.6178150009068664,0.84375,0.5467373683078804,54.673736830788044,67.4074074074074,593,64,624,31
101668097,Сортер Learning Resources Ежик Спайк,Kids,27,27,0,4.851851851851852,4.925925925925926,0.7783772559149271,0.9592391304347822,0.9809782608695647,0.7767753057993492,0.1521739130434809,92.0,0.875,0.9535506115967913,1.0,0.5012871857151964,0.8896308083933011,0.84375,0.8316768699395599,83.167686993956,97.03703703703704,79,8,266,187
101702936,Сортер Kabi Геометрия 5в1,Kids,28,28,0,3.892857142857143,3.892857142857143,0.791176567224726,0.7137096774193555,0.7137096774193555,0.803643898569641,0.0,62.0,0.7799295774650742,1.0,1.0,0.45821395650972135,0.7406032827783404,0.8484848484848485,0.6764386519920359,67.64386519920359,77.85714285714286,467,54,564,97
101748828,Yasin 32E9000 81 см черный,TVs,30,30,0,3.6,3.7,0.7952280861935329,0.6837748344370865,0.7036423841059601,0.8339590093398099,0.07947019867549412,151.0,0.7576815642461322,1.0,1.0,0.5556208818953933,0.7241781208891193,0.8571428571428571,0.6607475472200643,66.07475472200643,72.0,488,58,603,115
101817031,Fito Косметик крем-гель Свежая косметика Алое Увлажняющий для лица 50 мл,Beauty,9,9,0,4.555555555555555,4.444444444444445,0.5991608612607081,0.9444444444444445,0.8333333333333333,0.6542245307737653,0.4444444444444444,9.0,0.875,0.7084490615461138,0.9722222222222917,0.2546566055263249,0.8255642762143856,0.6428571428571429,0.701536841869207,70.1536841869207,91.11111111111111,442,56,422,-20
101918623,Fito Косметик крем Bio Cosmetolog для лица 45 мл,Beauty,13,13,0,5.0,5.0,0.7655070173495537,1.0,1.0,0.5948277560352138,0.0,1.0,0.875,0.5896555120692483,1.0,0.07665927685739374,0.7980230248830571,0.7222222222222222,0.7017053197503386,70.17053197503385,100.0,441,55,1,-440
102085463,Плакат Joy Toy Сөйлейтін Әліппе,Kids,27,27,0,4.0,4.0,0.7266079806940882,0.642857142857129,0.642857142857129,0.7606249092837404,0.07142857142856618,56.0,0.6500000000003398,0.9212498185656384,1.0,0.44714513047458226,0.667016331792937,0.84375,0.5983142167330479,59.83142167330478,80.0,540,59,542,2
102138144,Наушники Marshall Major IV черный,Headphones,22,22,0,3.6818181818181817,3.6818181818181817,0.9376357385536687,0.9093690248565968,0.9093690248565968,0.962929109418021,0.0,2615.0,0.875,1.0,1.0,0.8703240256984984,0.9212929907612318,0.8148148148148148,0.8523551406764791,85.23551406764791,73.63636363636363,21,3,592,571
102272027,Наушники Newest M10 Newest черный,Headphones,21,21,0,3.9523809523809526,4.095238095238095,0.8003718121475824,0.6157258064516126,0.7846774193548386,0.8588826541863921,0.7193548387096779,1240.0,0.875,1.0,0.8004032258069503,0.7878494201495974,0.6992119343482794,0.8076923076923077,0.6264205011776108,62.64205011776109,79.04761904761905,521,51,552,31
102298404,Apple iPhone 13 128Gb NanoSIM+eSIM черный,Smartphones,22,22,0,4.181818181818182,4.181818181818182,0.9352497719589763,0.908036454018227,0.908036454018227,0.9614625138212449,0.0,8449.0,0.875,1.0,1.0,0.999999999889404,0.9257531219551255,0.8148148148148148,0.8568702754185561,85.68702754185561,83.63636363636363,14,2,520,506
102298420,Apple iPhone 13 128Gb NanoSIM+eSIM белый,Smartphones,25,25,0,4.48,4.56,0.9218385947264918,0.9752252252252253,0.9777846027846029,0.9712719704934607,0.010237510237510213,4884.0,0.875,1.0,1.0,0.9393937291471659,0.9756746086236976,0.8333333333333334,0.9166666666666667,91.66666666666667,89.60000000000001,1,1,447,446
102339225,URIAGE крем Xemose липидовосстанавливающий против раздражений для лица 200 мл,Beauty,25,25,0,4.6,4.48,0.7190590675285559,0.8571428571428622,0.7738095238095318,0.685432053059161,0.4285714285714133,21.0,0.875,0.7708641061167804,0.9821428571429114,0.3418568030797321,0.8115317774662223,0.8333333333333334,0.746723056912393,74.6723056912393,92.0,372,39,409,37
102400608,Велосипед БАРС 501 2021 14 дюймов синий,Sport,29,29,0,4.724137931034483,4.655172413793103,0.762926082354588,0.7499999999999921,0.7499999999999921,0.7388253632335496,0.0,12.0,0.8749999999999764,0.877650726465344,1.0,0.28367303284707407,0.7527380218631352,0.8529411764705882,0.6902245178149035,69.02245178149035,94.48275862068967,454,58,360,-94
102413320,Игровой центр LEMENGKEKU Логарифмическая доска,Kids,24,24,0,4.916666666666667,4.916666666666667,0.8701155210591075,0.867957746478872,0.867957746478872,0.8848580410473077,0.0,284.0,0.875,1.0,1.0,0.6251424591435134,0.8673430403425941,0.8275862068965517,0.8024066338706473,80.24066338706473,98.33333333333334,211,26,199,-12
102591824,"Тахта Техномир 2м, 200х100 см, обивка велюр, коричневый",Furniture,28,28,0,3.642857142857143,3.607142857142857,0.7607997294348224,0.7170731707317077,0.729268292682928,0.8181950309227354,0.17560975609755894,205.0,0.8175675675677653,1.0,1.0,0.5892415719778413,0.7574277300999981,0.8484848484848485,0.6941743817640175,69.41743817640175,72.85714285714285,451,28,597,146
102591826,"Диван Техномир 400х100 см, обивка велюр, серый",Furniture,25,24,1,2.9583333333333335,3.0416666666666665,0.802280920206588,0.5114555256064698,0.3995956873315359,0.7349898654844643,0.6630727762803305,371.0,0.39254807692338317,0.8699797309671887,0.8355795148252045,0.6546057394299838,0.5294106289334521,0.8275862068965517,0.454944681090214,45.494468109021405,59.166666666666664,645,62,658,13
102666988,Fito Косметик бальзам Норка для лица 10 г,Beauty,24,24,0,4.916666666666667,4.833333333333333,0.7354490851508594,0.9259259259259262,0.9074074074074094,0.7199085615825204,0.07407407407406691,27.0,0.875,0.8398171231633612,1.0,0.36852835192176836,0.8500613730783803,0.8275862068965517,0.784637631395015,78.4637631395015,98.33333333333334,284,23,199,-85
102676765,"Fito Косметик крем гиалуроновый эффективное омоложение для лица, для области вокруг глаз, для зоны декольте 45 мл",Beauty,29,29,0,4.931034482758621,4.9655172413793105,0.8012668333804698,0.9861111111111114,0.9861111111111114,0.8536415860024652,0.0,18.0,0.875,1.0,1.0,0.325643051323212,0.8642200535605863,0.8529411764705882,0.8083621115302446,80.83621115302446,98.62068965517243,189,6,178,-11
102679224,Fito Косметик Biocosmetolog Prof Дневной Гиалуроновый Актив 45 мл,Beauty,6,6,0,4.333333333333333,4.166666666666667,0.5718271059831287,0.8333333333333334,0.7916666666666666,0.5718271059831287,0.16666666666666666,0.0,0.875,0.5436542119651702,1.0,0.0,0.7375553257230463,0.5454545454545454,0.6113593173918748,61.13593173918748,86.66666666666666,534,76,485,-49
102684466,Невская косметика крем Зеленый Чай для лица 40 мл,Beauty,28,28,0,4.964285714285714,4.821428571428571,0.7173536920651149,0.9722222222222195,0.9444444444444425,0.7076274374726647,0.11111111111110804,27.0,0.875,0.8152548749436989,1.0,0.36852835192176836,0.8601634835571995,0.8484848484848485,0.8024747334131519,80.24747334131519,99.28571428571429,209,9,136,-73
102684467,Невская косметика крем Спермацетовый для лица 40 мл,Beauty,26,26,0,4.5,4.653846153846154,0.7692955418843221,0.7499999999999908,0.7794117647058741,0.8181912138507671,0.11764705882353284,102.0,0.875,1.0,1.0,0.5125822951204476,0.7788604946262595,0.8387096774193549,0.7142707068926742,71.42707068926742,90.0,431,53,434,3
102701814,"Сплюшка, высота 35 см, розовый",Kids,26,26,0,4.6923076923076925,4.615384615384615,0.7643898518600795,0.6830357142857056,0.674107142857134,0.8578781459193906,0.03571428571428595,168.0,0.7003424657537822,1.0,1.0,0.5673460656941481,0.7146259747573357,0.8387096774193549,0.647337088807887,64.7337088807887,93.84615384615384,504,55,374,-130
102715483,"Lenovo IdeaPad 3 15.6"" / 8 Гб / SSD 256 Гб / DOS / 15IGL05 / 81WQ00ERRK",Laptops,26,25,1,3.6,3.6,0.8619239203250237,0.6076642335766417,0.6076642335766417,0.8608057025875789,0.0,137.0,0.6128826530609084,1.0,1.0,0.5449343443797122,0.6454679521464619,0.8333333333333334,0.5747905654021904,57.47905654021904,72.0,559,67,603,44
102749656,Наушники Hyper BE62 черный,Headphones,22,22,0,4.045454545454546,4.090909090909091,0.8077702507894435,0.8940774487471543,0.9003416856492047,0.7761151581899755,0.0660592255125283,439.0,0.875,0.9522303163780466,1.0,0.6731726854634507,0.888310926926217,0.8148148148148148,0.8189663330802465,81.89663330802465,80.90909090909092,134,14,540,406
102753861,"Конструктор Block building toys, деталей 45 шт",Kids,27,27,0,4.555555555555555,4.481481481481482,0.7251680498944544,0.8500000000000019,0.7124999999999888,0.7171372591092473,0.8500000000000297,40.0,0.7771739130437422,0.8342745182168261,0.7187500000006846,0.41070606239990254,0.8059712122064667,0.84375,0.7439780570389387,74.39780570389387,91.11111111111111,378,43,422,44
102969161,"Диван AlmatyJihaz Комфорт SQL, 215х80 см, обивка ткань, серый",Furniture,25,25,0,3.0,3.2,0.7976525890307792,0.5714285714285715,0.6078973843058351,0.7863454385736496,0.1458752515090541,994.0,0.6130534082920243,0.9726908771453538,1.0,0.7634154497111761,0.6303385267346039,0.8333333333333334,0.5591264687744644,55.91264687744644,60.0,571,41,652,81
102969165,"Диван AlmatyJihaz Комфорт, 180х66 см, обивка ткань, серый",Furniture,27,27,0,3.7777777777777777,3.7037037037037037,0.7679584270225601,0.5482954545454509,0.5397727272727236,0.8237729795681239,0.05681818181817871,176.0,0.5514705882351124,1.0,1.0,0.5724612413256226,0.5953013937274216,0.84375,0.5231367688101396,52.31367688101396,75.55555555555556,609,49,581,-28
103096305,Невская косметика крем Оливковый для лица 40 мл,Beauty,26,26,0,4.8076923076923075,4.769230769230769,0.723539459766773,0.9305555555555599,0.9722222222222241,0.7523719883553734,0.1666666666666563,18.0,0.875,0.9047439767089375,1.0,0.325643051323212,0.8487393907703455,0.8387096774193549,0.7870858747531811,78.70858747531811,96.15384615384615,269,20,296,27
103116255,Невская косметика крем для лица ромашка 40 мл,Beauty,22,22,0,4.909090909090909,4.636363636363637,0.7358543394944769,1.0,1.0,0.8034015250148442,0.0,5.0,0.875,1.0,1.0,0.19816135600876397,0.8440228175278458,0.8148148148148148,0.7741320506987638,77.41320506987638,98.18181818181819,315,31,202,-113
103164129,"Диван Версаль, 230х105 см, обивка велюр, белый",Furniture,30,30,0,2.8,2.566666666666667,0.7883905063038481,0.3817733990147765,0.32266009852216526,0.828522751016402,0.2660098522167504,203.0,0.2938931297706171,1.0,1.0,0.5881625784578767,0.445020770738277,0.8571428571428571,0.36346703368834005,36.34670336883401,55.99999999999999,670,69,667,-3
103219237,Наушники Panasonic RB-HX220 черный,Headphones,23,23,0,4.869565217391305,4.782608695652174,0.7186952299929679,0.9615384615384643,0.9230769230769286,0.6216586957548939,0.15384615384614278,26.0,0.875,0.6433173915085011,1.0,0.36450623745411076,0.8376419389982258,0.8214285714285714,0.7698451476890866,76.98451476890867,97.3913043478261,325,32,233,-92
103252830,Невская косметика крем для лица ланолиновый для сухой кожи 40 мл,Beauty,23,23,0,4.434782608695652,4.304347826086956,0.6994445313035386,0.9097222222222278,0.8888888888888956,0.7084233232861132,0.1388888888888802,36.0,0.875,0.8168466465705928,1.0,0.3993529278314313,0.8470423420929809,0.8214285714285714,0.7794387220555076,77.94387220555076,88.69565217391305,298,27,459,161
103279062,Невская косметика крем для лица Календула 40 мл,Beauty,26,26,0,4.961538461538462,4.923076923076923,0.6795996134156336,0.994897959183674,0.989795918367348,0.7613602684605806,0.020408163265303945,49.0,0.875,0.9227205369193158,1.0,0.432653934195256,0.8820868867824609,0.8387096774193549,0.8218346136978113,82.18346136978113,99.23076923076923,119,1,150,31
103325573,Велосипед BMW 26 с сумкой 2022 19 дюймов черный,Sport,23,22,1,3.8181818181818183,3.772727272727273,0.7972732297320221,0.8053892215568876,0.5883233532934093,0.6777050154626946,0.9640718562874429,167.0,0.5978982300882031,0.7554100309238784,0.6474550898212296,0.5666897079305324,0.74669145916095,0.8148148148148148,0.675600375608674,67.5600375608674,76.36363636363637,470,61,574,104
103325574,Велосипед BMW 26 2022 19 дюймов черный,Sport,24,24,0,3.6666666666666665,3.6666666666666665,0.8194687122033525,0.7218406593406608,0.7218406593406608,0.8538122409112828,0.0,364.0,0.7990740740743197,1.0,1.0,0.6525048032268095,0.7627554444677704,0.8275862068965517,0.6948697150301543,69.48697150301543,73.33333333333333,449,57,593,144
103357889,Наушники Audio-Technica ATH-M50xBT2 черный,Headphones,16,16,0,4.9375,4.8125,0.7233376777193676,1.0,0.9565217391304334,0.6093723208871528,0.17391304347826686,46.0,0.875,0.6187446417730681,1.0,0.42581076460974876,0.8483671464317186,0.7619047619047619,0.7604435943283114,76.04435943283114,98.75,348,35,166,-182
103443326,"Диван DIEGO Di-555, 190х75 см, обивка ткань, серый",Furniture,28,28,0,3.9642857142857144,3.9285714285714284,0.7982575463363354,0.8545000000000013,0.8470000000000013,0.7705418059857619,0.030000000000000252,500.0,0.875,0.9410836119696417,1.0,0.6875315107412652,0.8638781315074597,0.8484848484848485,0.8063905822362541,80.63905822362541,79.28571428571429,201,15,550,349
103484235,Leapka крем Овечья плацента для лица 80 г,Beauty,25,25,0,4.84,4.68,0.7229486908257823,0.8750000000000047,0.725000000000001,0.6464913413833727,0.600000000000015,10.0,0.8068181818184073,0.6929826827653596,0.8750000000003032,0.26519752622233833,0.7951031419638448,0.8333333333333334,0.7297138363395328,72.97138363395328,96.8,405,49,276,-129
103569807,Музыкальный инструмент Play Smart Пианино,Kids,27,27,0,4.814814814814815,4.7407407407407405,0.6408815196932317,0.9500000000000001,0.9227272727272713,0.6335984057607955,0.10909090909091525,55.0,0.875,0.6671968115202567,1.0,0.4451876287791622,0.8494719115620593,0.84375,0.789579038488962,78.95790384889621,96.2962962962963,261,33,294,33
104141144,Интерактивная игрушка PROON Утята на лесенке,Kids,26,25,1,4.24,4.28,0.8067763804090876,0.8252487562189056,0.8277363184079601,0.7966348777673493,0.009950248756218413,402.0,0.875,0.9932697555327121,1.0,0.6634581394109,0.8430557180964021,0.8333333333333334,0.7793610480241248,77.93610480241247,84.80000000000001,299,36,506,207
104366954,BAI BANG Строительные инструменты BB8001,Kids,26,26,0,4.846153846153846,4.884615384615385,0.7421365798878963,0.9728260869565231,0.9782608695652184,0.7156388889847715,0.021739130434781546,46.0,0.875,0.8312777779678804,1.0,0.42581076460974876,0.8712925090032302,0.8387096774193549,0.8105866622658978,81.05866622658978,96.9230769230769,174,20,271,97
104391927,Велосипед IKS-ZET IZ-600 2022 17 дюймов бирюзовый,Sport,22,22,0,4.545454545454546,4.681818181818182,0.8384140650214058,0.8846153846153848,0.8999999999999995,0.9158403734490811,0.06153846153845908,260.0,0.875,1.0,1.0,0.6154134683761823,0.8762496620392219,0.8148148148148148,0.8067563254017229,80.67563254017229,90.90909090909092,199,19,426,227
104426221,BIO BUBBLES добавка в косметику True Probiotic 20 мл,Beauty,2,2,0,4.5,5.0,0.8780525347388307,0.8124999999999941,1.0,0.8355979624548964,0.7500000000000232,4.0,0.875,1.0,0.7812500000005324,0.17799732866893112,0.7762978722416094,0.2857142857142857,0.572083654302009,57.2083654302009,90.0,561,90,434,-127
104669405,Наушники Razer Blackshark V2 X белый,Headphones,30,30,0,2.8,2.5,0.6917779577649049,0.36315789473684,0.32499999999999835,0.7742732148426772,0.2578947368421058,190.0,0.2980769230765473,0.9485464296834574,1.0,0.5808802143955891,0.43051370893007235,0.8571428571428571,0.3480181594894368,34.801815948943684,55.99999999999999,672,67,667,-5
104715793,"Диван Divan Shanhay Модерн, 220х70 см, обивка микровелюр, светло серый",Furniture,17,16,1,2.75,2.75,0.8018507053996917,0.4079861111111099,0.4253472222222212,0.8142727974257998,0.2361111111111104,144.0,0.4137700534762005,1.0,1.0,0.5504066387423728,0.4800088911739191,0.7619047619047619,0.411756992460966,41.1756992460966,55.00000000000001,659,66,673,14
104762592,"Диван Divan Shanhay Модерн, 220х70 см, обивка микровелюр, бежевый",Furniture,30,29,1,3.1724137931034484,3.103448275862069,0.7785906972199396,0.5307093425605529,0.4857266435986151,0.6782200137276563,0.5882352941176489,578.0,0.4797463175123505,0.7564400274537997,0.8823529411767635,0.7035343451991715,0.5562008572138154,0.8529411764705882,0.48195393506917,48.195393506917,63.44827586206897,634,60,639,5
104864882,Невская косметика крем Огуречный для лица 40 мл,Beauty,28,28,0,4.892857142857143,4.321428571428571,0.7000901361082702,0.9224137931034435,0.7500000000000064,0.6666696445329163,0.6896551724137487,29.0,0.875,0.7333392890643661,0.8189655172418596,0.37615868467769514,0.8369745020314118,0.8484848484848485,0.7780297396391557,77.80297396391556,97.85714285714286,303,28,216,-87
104956192,Велосипед Focus fcs16 2022 18 дюймов синий,Sport,28,28,0,3.9285714285714284,3.892857142857143,0.8497782997694007,0.8721590909090927,0.8678977272727292,0.9112782331843128,0.0170454545454543,352.0,0.875,1.0,1.0,0.6488076581198953,0.8728230094284173,0.8484848484848485,0.8158199521654077,81.58199521654078,78.57142857142857,147,13,559,412
105011905,Велосипед БАРС 074 2021 12 дюймов черный,Sport,26,26,0,4.8076923076923075,4.730769230769231,0.7406003622327558,0.9736842105263168,0.9736842105263168,0.8003456409708231,0.0,19.0,0.875,1.0,1.0,0.3313158823837186,0.8633230504241634,0.8387096774193549,0.802282331542133,80.2282331542133,96.15384615384615,213,20,296,83
105023302,Велосипед BMW Sb26 2021 17 дюймов черный,Sport,30,29,1,3.7241379310344827,3.5517241379310347,0.8068972447263486,0.5776173285198541,0.49638989169675,0.8218936345989193,0.36823104693140435,277.0,0.49466192170820483,1.0,1.0,0.6223921514827767,0.6039910072427488,0.8529411764705882,0.5325971933750053,53.25971933750053,74.48275862068965,603,70,589,-14
105260657,"Угловой диван Divero E2, 285х140 см, обивка велюр, серый",Furniture,30,30,0,3.0,2.966666666666667,0.7090002953734316,0.5035545023696687,0.5319905213270151,0.764458432404808,0.24644549763033402,211.0,0.5425420168065728,0.9289168648077583,1.0,0.5924167936582764,0.5614813900995088,0.8571428571428571,0.4874883883516581,48.748838835165806,60.0,633,59,652,19
105260749,"Угловой диван Divero E29, 285х140 см, обивка велюр, синий",Furniture,28,28,0,3.9285714285714284,3.8214285714285716,0.7650302175302761,0.6089743589743489,0.5833333333333246,0.7722743647961268,0.20512820512819532,39.0,0.5937499999997115,0.9445487295903645,1.0,0.40797515924111233,0.6319433671406338,0.8484848484848485,0.5618932607555636,56.18932607555636,78.57142857142857,568,40,559,-9
105321388,Prestigio PTV32SS04Z_CIS_ML 81 см серый,TVs,3,3,0,5.0,5.0,0.8190985713485149,1.0,1.0,0.8190985713485149,0.0,0.0,0.875,1.0,1.0,0.0,0.8125366885156105,0.375,0.6114935666031704,61.14935666031704,100.0,531,65,1,-530
105351299,"Угловой диван Soft market Eleg 2, 285х130 см, обивка велюр, слоновая кость",Furniture,26,26,0,2.576923076923077,2.576923076923077,0.8567680153691414,0.5655761436016218,0.5607990735379275,0.9107860507002836,0.06890561667631713,1727.0,0.5733581741963177,1.0,1.0,0.8244618985984732,0.6218922501432869,0.8387096774193549,0.5507067455039669,55.070674550396696,51.53846153846155,579,44,676,97
105577599,Наушники Sony WH-1000XM5 серебристый,Headphones,29,29,0,4.241379310344827,4.103448275862069,0.7603444415907505,0.6574999999999954,0.6324999999999948,0.8371675141490561,0.11999999999999972,200.0,0.6352040816329918,1.0,1.0,0.5865240898443161,0.685465159657207,0.8529411764705882,0.618935414608384,61.89354146083839,84.82758620689654,527,52,502,-25
105983820,"Диван 789, 210х70 см, обивка велюр, серый",Furniture,29,29,0,3.1379310344827585,3.0689655172413794,0.7700427740518451,0.5594059405940598,0.554455445544555,0.8523309202872599,0.01980198019801951,303.0,0.5670731707314876,1.0,1.0,0.632280158752787,0.6085625996635097,0.8529411764705882,0.5374417133376634,53.744171333766346,62.75862068965517,602,47,642,40
106034324,Коврик 200x180 см,Kids,28,28,0,4.25,4.25,0.8505237968417427,0.5479797979797955,0.5479797979797955,0.9387648810249424,0.0,495.0,0.560381355931998,1.0,1.0,0.6864222139934011,0.6021530134030789,0.8484848484848485,0.5304893368346345,53.048933683463446,85.0,605,65,501,-104
106216087,"Диван МебельАлматы 1.3, 210х130 см, обивка велюр, коричневый",Furniture,29,28,1,3.4642857142857144,3.5,0.8017541423540784,0.5298507462686526,0.5354477611940257,0.8328378283577257,0.02238805970149276,134.0,0.5465686274508125,1.0,1.0,0.5425035661230418,0.5810381251642672,0.8484848484848485,0.5082307779167976,50.82307779167976,69.28571428571428,619,53,615,-4
106216105,"Диван МебельАлматы 2,1, 210х130 см, обивка велюр, серый",Furniture,29,29,0,3.3793103448275863,3.2758620689655173,0.7588749423940184,0.5399999999999986,0.5159999999999982,0.7741129970001392,0.351999999999997,125.0,0.5225563909773564,0.9482259939983821,1.0,0.5348732333671151,0.5791253379150623,0.8529411764705882,0.5062470246907238,50.62470246907238,67.58620689655173,620,54,622,2
106422390,"Диван Диваны со склада Астана Еврокнижка, 210х70 см, обивка микровелюр, бежевый",Furniture,30,29,1,3.6206896551724137,3.4482758620689653,0.7246339086410667,0.5989010989010908,0.5549450549450474,0.7358917533974594,0.24175824175824243,91.0,0.5675675675673384,0.8717835067931753,1.0,0.5000915420857357,0.6209388738375726,0.8529411764705882,0.5505568604857983,55.05568604857984,72.41379310344827,580,45,601,21
106423359,"Угловой диван Divan Shanhay Модерн, 300х70 см, обивка микровелюр, темно-серый",Furniture,30,30,0,3.3,3.2666666666666666,0.7409454355278697,0.5966257668711679,0.5904907975460146,0.7881244970896074,0.024539877300612703,163.0,0.5996621621618713,0.9762489941772624,1.0,0.56402461611469,0.6353545959553843,0.8571428571428571,0.5661575137076726,56.61575137076726,65.99999999999999,565,39,632,67
106423365,"Диван Divan Shanhay Mod11, 210х70 см, обивка микровелюр, серый",Furniture,29,29,0,2.8275862068965516,2.896551724137931,0.7986119326370321,0.5294117647058847,0.5360962566844945,0.8169587886078545,0.0695187165775395,187.0,0.547313084111987,1.0,1.0,0.5791293183245363,0.5826380096151029,0.8529411764705882,0.5099694055608626,50.99694055608625,56.55172413793104,615,52,663,48
106434316,"Угловой диван Диваны Алмата Есен, 400х130 см, обивка велюр, серый",Furniture,28,28,0,3.642857142857143,3.8214285714285716,0.7667750215455422,0.4859813084111997,0.5327102803738174,0.7061487392158026,0.22429906542056052,107.0,0.5433884297518958,0.8122974784299806,1.0,0.5178247911688982,0.5388680842695198,0.8484848484848485,0.46377663119306634,46.37766311930663,72.85714285714285,641,61,597,-44
106577567,Midea MFN60-S1003S Slim серый,HomeAppliances,22,22,0,3.090909090909091,3.3636363636363638,0.740545496579617,0.7119377162629764,0.7742214532871975,0.8128665044737495,0.24913494809688405,289.0,0.875,1.0,1.0,0.6270659155997665,0.7613779297904253,0.8148148148148148,0.690467963779269,69.0467963779269,61.81818181818181,453,53,647,194
106591232,Коврик 180x200 см,Kids,28,28,0,4.464285714285714,4.535714285714286,0.8536677134582925,0.9191176470588232,0.9269607843137252,0.9107173382091772,0.03137254901960763,510.0,0.875,1.0,1.0,0.6897172727648593,0.9064694946498361,0.8484848484848485,0.8512888717831051,85.1288871783105,89.28571428571429,25,3,451,426
106649059,Игрушка-мялка CB6675 мультиколор,Kids,25,25,0,4.96,4.92,0.8183345918355982,0.9959016393442623,0.991803278688525,0.8973895408268084,0.04918032786885066,244.0,0.875,1.0,1.0,0.608416925082893,0.9176110447411583,0.8333333333333334,0.8565511467148395,85.65511467148394,99.2,15,2,152,137
106688156,Невская косметика крем Гранатовый для лица 40 мл,Beauty,22,22,0,4.954545454545454,4.681818181818182,0.6866885041318181,1.0,0.95,0.7229376051620132,0.2,5.0,0.875,0.8458752103223347,1.0,0.19816135600876397,0.8383180584798545,0.8148148148148148,0.7683569390141508,76.83569390141508,99.09090909090908,328,32,161,-167
106761960,Leadbros MG80-14586B серый,HomeAppliances,27,26,1,3.923076923076923,4.153846153846154,0.7928209325663429,0.8290840415486315,0.8493862134088768,0.8759658374180642,0.081208687440981,1059.0,0.875,1.0,1.0,0.7704141223272075,0.8546402766870637,0.8387096774193549,0.7932347125606012,79.32347125606012,78.46153846153847,246,36,561,315
106781297,"Fito Косметик крем Вазелин Норка для лица, для области вокруг глаз, для зоны декольте 45 мл",Beauty,28,28,0,4.75,4.607142857142857,0.7699693635331216,0.8636363636363683,0.8636363636363683,0.8235558334683988,0.0,11.0,0.875,1.0,1.0,0.2748206328661577,0.8174137217201027,0.8484848484848485,0.7574094656356293,75.74094656356293,95.0,351,37,343,-8
106903567,Обучающий набор Монтессори,Kids,28,28,0,4.5,4.392857142857143,0.762063647751667,0.896341463414636,0.8780487804878071,0.777976456195028,0.07317073170731574,41.0,0.875,0.9559529123881441,1.0,0.4133711542157449,0.8518632677952263,0.8484848484848485,0.7937249432423923,79.37249432423923,90.0,244,27,434,190
106930171,"Угловой диван Comfort mebel П63, 284х140 см, обивка велюр, серый",Furniture,30,30,0,3.0,3.0,0.8229471494020326,0.517195767195769,0.517195767195769,0.8833833919982371,0.0,378.0,0.5241336633662487,1.0,1.0,0.6566675080875534,0.5735303290239145,0.8571428571428571,0.5003195559674283,50.031955596742826,60.0,623,56,652,29
107333284,"Lenovo IdeaPad 3 15.6"" / 8 Гб / SSD 512 Гб / Win 11 / 15IAU7 / 82RK00EWRK",Laptops,26,26,0,4.769230769230769,4.730769230769231,0.862795825944417,0.941926345609065,0.9398016997167138,0.8966098744240218,0.008498583569404961,353.0,0.875,1.0,1.0,0.6491205181830163,0.9112746588607071,0.8387096774193549,0.8522488394601854,85.22488394601854,95.38461538461537,22,4,325,303
107341625,Haier HW60-BP12919B белый,HomeAppliances,30,30,0,4.366666666666666,4.233333333333333,0.7473856861529897,0.8133971291866018,0.8038277511961719,0.8183785782311075,0.11483253588516223,209.0,0.875,1.0,1.0,0.591368482884676,0.8282933814611546,0.8571428571428571,0.7716220705404045,77.16220705404045,87.33333333333333,319,45,478,159
107342286,Haier HW60-BP12919BS серебристый,HomeAppliances,24,24,0,4.333333333333333,4.0,0.7919334018352665,0.6327014218009432,0.5497630331753508,0.8892557131264385,0.3317535545023699,211.0,0.5622529644266651,1.0,1.0,0.5924167936582764,0.6532759957076439,0.8275862068965517,0.5823029952624456,58.23029952624455,86.66666666666666,553,60,485,-68
107400879,Погремушка HADA BEAR Погремушка-прорезыватель,Kids,27,27,0,4.888888888888889,4.444444444444445,0.7553226735740316,0.9821428571428581,0.9107142857142904,0.7844238249867814,0.28571428571427043,42.0,0.875,0.9688476499716252,1.0,0.4159735321322259,0.8792292001751404,0.84375,0.8207730557381043,82.07730557381043,97.77777777777779,124,13,223,99
107417419,Планшет LCD,Kids,23,23,0,3.652173913043478,3.869565217391304,0.7876743887430934,0.802777777777788,0.8305555555555632,0.8309215531137469,0.11111111111110004,90.0,0.875,1.0,1.0,0.49888283105405495,0.8119799434753405,0.8214285714285714,0.7436558172999548,74.36558172999548,73.04347826086956,381,45,596,215
107731384,Игровой центр слоник,Kids,28,27,1,4.777777777777778,4.444444444444445,0.7465560851718678,0.966836734693879,0.8775510204081615,0.764910508576707,0.3571428571428698,98.0,0.875,0.9298210171515543,1.0,0.5082016845250789,0.8917232072382736,0.84375,0.8338702930874426,83.38702930874426,95.55555555555554,72,7,319,247
107840242,"Набор игрушек для купания A-Toys Черепашки DB2022, мультиколор",Kids,29,29,0,5.0,4.827586206896552,0.8636624122083749,1.0,0.9907024793388435,0.9209964191573922,0.03719008264462585,484.0,0.875,1.0,1.0,0.6839418744728226,0.9328116964911993,0.8529411764705882,0.8810487276729769,88.10487276729769,100.0,2,1,1,-1
108191196,"Конструктор Лего, деталей 114 шт",Kids,29,29,0,4.241379310344827,4.172413793103448,0.7237585256077999,0.7161654135338333,0.7349624060150373,0.842930869525371,0.19548872180451,266.0,0.8324468085107884,1.0,1.0,0.6179271210905036,0.7602932576405222,0.8529411764705882,0.6982308069101261,69.8230806910126,84.82758620689654,448,53,502,54
108212768,Велосипед STELS Navigator-345 2022 20 дюймов черный,Sport,22,22,0,4.818181818181818,4.863636363636363,0.8422794304217676,0.75,0.8125,0.7925900603821475,0.25,8.0,0.875,0.9851801207623248,1.0,0.2430041583027405,0.7526207925439584,0.8148148148148148,0.6816028311399442,68.16028311399442,96.36363636363636,465,60,293,-172
108335931,"Тахта Есен, 180х130 см, обивка ткань, серый",Furniture,30,30,0,4.866666666666666,4.866666666666666,0.7849721294378257,0.9574468085106383,0.9680851063829783,0.7991167552106199,0.127659574468079,47.0,0.875,0.9982335104192434,1.0,0.42813918658094524,0.8770318254270378,0.8571428571428571,0.8235246611155259,82.35246611155259,97.33333333333333,105,9,235,130
108379343,"Мягкая игрушка пингвин, 21 см",Kids,28,28,0,4.642857142857143,4.5,0.7407298785749422,0.8805555555555514,0.8333333333333272,0.7307063501244023,0.1888888888888973,90.0,0.875,0.8614127002470819,1.0,0.49888283105405495,0.8518380995302068,0.8484848484848485,0.7936984117588506,79.36984117588506,92.85714285714286,245,28,394,149
108403758,Пирамидка Монтессори для развития,Kids,28,28,0,4.392857142857143,4.392857142857143,0.8017055868448193,0.7514619883040892,0.7514619883040892,0.8218112159499279,0.0,171.0,0.875,1.0,1.0,0.5692920858470133,0.7845255418895412,0.8484848484848485,0.7227399244010522,72.27399244010522,87.85714285714286,416,47,473,57
108477538,"Угловой диван Morbido Комфорт-1, 280х140 см, обивка микровелюр, коричневый",Furniture,30,30,0,4.066666666666666,4.166666666666667,0.6711895103328432,0.5158730158729957,0.6190476190476047,0.6470268395932175,0.4761904761904953,63.0,0.6209677419351463,0.6940536791850469,0.9523809523810595,0.4599556611443624,0.5619086394598476,0.8571428571428571,0.4879433751509631,48.79433751509631,81.33333333333333,632,58,537,-95
108477556,"Угловой диван Morbido Комфорт-1, 280х140 см, обивка микровелюр, бежевый",Furniture,29,29,0,3.103448275862069,2.896551724137931,0.7609125976672498,0.5823529411764716,0.5000000000000012,0.7491741233488028,0.4235294117647049,255.0,0.5000000000000018,0.898348246695809,0.9852941176470962,0.6132742148591499,0.601962994193868,0.8529411764705882,0.5304481064058308,53.04481064058308,62.06896551724138,606,48,646,40
108480228,"Угловой диван Divan Shanhay Mod1401233, 340х70 см, обивка вельвет, серый",Furniture,29,28,1,2.8214285714285716,2.892857142857143,0.7650144434318454,0.3261245674740475,0.3382352941176458,0.8557549922152882,0.048442906574393124,289.0,0.3206521739126671,1.0,1.0,0.6270659155997665,0.4214037776821863,0.8484848484848485,0.33994996636085145,33.99499663608515,56.42857142857143,673,70,666,-7
108494502,Yasin 43G11 109 см черный,TVs,27,27,0,3.7777777777777777,3.7037037037037037,0.8283036840362024,0.8627864897466834,0.8582629674306401,0.9084662421560987,0.018094089264173312,829.0,0.875,1.0,1.0,0.7433625182707507,0.8766256677524574,0.84375,0.8180438206805067,81.80438206805067,75.55555555555556,135,18,581,446
108501451,Планшет MagPad LCD 846906,Kids,26,26,0,4.1923076923076925,4.153846153846154,0.7625451009932251,0.8643790849673211,0.8562091503267987,0.7646026848855129,0.07189542483659953,153.0,0.875,0.9292053697691673,1.0,0.557066601286713,0.8546394435777741,0.8387096774193549,0.7932338444445303,79.32338444445303,83.84615384615385,247,29,518,271
108501731,"Конструктор Конструктор, деталей 68 шт",Kids,29,29,0,4.137931034482759,3.9310344827586206,0.7866638729021256,0.7584269662921247,0.7219101123595435,0.8092374597667842,0.2134831460674062,89.0,0.7992424242426489,1.0,1.0,0.4976607638290653,0.776185367287173,0.8529411764705882,0.7150716875805724,71.50716875805723,82.75862068965519,429,50,528,99
108576752,"Диван ABAI Moda Евро, 210х80 см, обивка ткань, бежевый",Furniture,30,30,0,3.066666666666667,2.966666666666667,0.7768593072797679,0.6661016949152573,0.6322033898305108,0.8002631238458634,0.16271186440678082,295.0,0.6347926267284593,1.0,1.0,0.6293307584036125,0.693468019887025,0.8571428571428571,0.6280437169552312,62.80437169552312,61.33333333333334,520,38,650,130
108599708,Водный коврик Rinzo 69x50 см,Kids,28,28,0,3.7857142857142856,3.6785714285714284,0.6430784829867611,0.8000000000000089,0.77500000000001,0.6316676088582784,0.1399999999999937,50.0,0.875,0.6633352177152303,1.0,0.43484402474308925,0.7812477542435762,0.8484848484848485,0.7192845980638869,71.92845980638869,75.71428571428571,420,48,578,158
108670542,Пирамидка метание колец,Kids,28,27,1,3.8518518518518516,4.074074074074074,0.7072774480411702,0.6749999999999915,0.724999999999991,0.703295308648367,0.33333333333332915,30.0,0.8068181818183825,0.8065906172951208,1.0,0.3797851065638261,0.7033419665258068,0.84375,0.6363937101699957,63.63937101699957,77.03703703703704,510,57,567,57
108822639,"Диван ZereHome Волна-4, 400х130 см, обивка велюр, серый",Furniture,29,28,1,3.3214285714285716,3.357142857142857,0.8191647500340166,0.6983024691358045,0.7013888888888907,0.8937767478122332,0.08024691358024628,324.0,0.7529069767445193,1.0,1.0,0.6396676901849363,0.7387542983625038,0.8484848484848485,0.6744895188451973,67.44895188451973,66.42857142857143,472,31,629,157
109173536,Велосипед Барс Space 2021 16 дюймов черный,Sport,3,3,0,5.0,5.0,0.89698150258558,1.0,1.0,0.882827011056082,0.0,9.0,0.875,1.0,1.0,0.2546566055263249,0.853486371130577,0.375,0.6305721433205492,63.057214332054926,100.0,516,65,1,-515
109237652,Велосипед Принцесса детский велосипед Принцесса-20 2020 19 дюймов розовый,Sport,29,28,1,3.5357142857142856,3.75,0.8132920260013433,0.4765624999999938,0.5703124999999953,0.739089202523909,0.37500000000000633,192.0,0.5823170731704703,0.8781784050460616,1.0,0.5820322660478012,0.5484930859890439,0.8484848484848485,0.4739229632709464,47.39229632709464,70.71428571428571,639,73,610,-29
109252288,"Диван РИМ, 400х80 см, обивка велюр, серый",Furniture,29,28,1,2.2857142857142856,2.25,0.7836909260598846,0.26687116564416974,0.23926380368097894,0.7821467137049096,0.11042944785276312,163.0,0.125,0.9642934274078907,1.0,0.56402461611469,0.35939462096846103,0.8484848484848485,0.27458213431044104,27.458213431044104,45.714285714285715,680,72,683,3
109383001,"Диван Morbido Комфорт, 210х80 см, обивка микровелюр, коричневый",Furniture,30,30,0,3.3333333333333335,3.2333333333333334,0.7029938613371348,0.5364963503649616,0.5109489051094875,0.7029376747039148,0.18978102189780777,137.0,0.5157342657342033,0.8058753494062179,1.0,0.5449343443797122,0.5666554570313161,0.8571428571428571,0.49299836067982367,49.29983606798237,66.66666666666667,628,57,628,0
109383035,"Угловой диван Morbido Комфорт-1, 280х140 см, обивка микровелюр, синий",Furniture,28,28,0,3.7857142857142856,3.8214285714285716,0.8051162954477162,0.4290123456789967,0.45061728395060213,0.8271245988758347,0.18518518518517818,81.0,0.438144329897098,1.0,1.0,0.4873653392572963,0.49427797371838594,0.8484848484848485,0.41677133371624075,41.67713337162407,75.71428571428571,655,65,578,-77
109448303,Велосипед Принцесса 466519 2022 19 дюймов розовый,Sport,24,24,0,5.0,5.0,0.8717910226256529,1.0,1.0,0.8689602752785013,0.0,28.0,0.875,1.0,1.0,0.37240931007344175,0.8739255479598387,0.8275862068965517,0.8091747652296449,80.91747652296449,100.0,185,17,1,-184
109484795,Мини-вентилятор Аэробол дыхательный тренажер для развития речевого дыхания,Kids,24,24,0,4.666666666666667,4.791666666666667,0.7465240721254247,0.8749999999999976,0.930555555555557,0.7429655248877985,0.33333333333334714,36.0,0.875,0.8859310497738253,1.0,0.3993529278314313,0.836649504611703,0.8275862068965517,0.7708475542951777,77.08475542951777,93.33333333333333,324,39,379,55
109486339,Невская косметика крем Женьшеневый для лица 40 мл,Beauty,25,25,0,4.88,4.68,0.7053102717943968,1.0,0.9600000000000017,0.7483268472152962,0.15999999999999284,25.0,0.875,0.8966536944287992,1.0,0.36033230970446783,0.8683864703339044,0.8333333333333334,0.8055869845616903,80.55869845616903,97.6,204,8,228,24
109506290,Сортер Логические яйца - Фигуры,Kids,27,27,0,5.0,4.814814814814815,0.7644665380627464,1.0,0.963235294117647,0.771554746839843,0.14705882352941174,34.0,0.875,0.9431094936778,1.0,0.393207126875912,0.8763247187301784,0.84375,0.8177283413667107,81.77283413667107,100.0,137,16,1,-136
109558899,Погремушка Sobebear жираф,Kids,26,25,1,4.2,4.36,0.7169178322658162,0.8325892857142855,0.9107142857142884,0.7390352271527281,0.348214285714293,112.0,0.875,0.8780704543037,1.0,0.5228299872967583,0.8286383693804541,0.8333333333333334,0.7644341927566917,76.44341927566917,84.00000000000001,338,41,514,176
109617372,Велосипед Kama Chuker 2022 24 дюйма зеленый,Sport,29,29,0,3.2758620689655173,3.0344827586206895,0.7308558601399938,0.584577114427859,0.5335820895522367,0.7439469979251955,0.263681592039802,201.0,0.5444078947366832,0.8878939958486152,1.0,0.5870729542887417,0.6118512432516943,0.8529411764705882,0.5409266914474083,54.09266914474084,65.51724137931035,598,68,634,36
109678872,Велосипед Prego Prego kids biko 16 зеленый 2022 16 дюймов зеленый,Sport,25,25,0,4.72,4.76,0.8060356893576204,0.9090909090909154,0.9431818181818221,0.7667937721922983,0.13636363636362714,22.0,0.875,0.9335875443827294,1.0,0.34677298837094817,0.8459138973062648,0.8333333333333334,0.7823202347813135,78.23202347813135,94.39999999999999,291,32,363,72
109729462,SMART 32G7000 81 см черный,TVs,27,27,0,3.3703703703703702,3.4444444444444446,0.857081992468261,0.8974017321785484,0.9010659560293144,0.9224954232366676,0.014656895403064422,1501.0,0.875,1.0,1.0,0.8089599819308099,0.9072302140431451,0.84375,0.8501260025387763,85.01260025387764,67.4074074074074,29,7,624,595
109729478,SMART 45G7000 109 см черный,TVs,29,29,0,2.8620689655172415,2.793103448275862,0.8009206330341492,0.44295692665890546,0.43830034924330596,0.837572995414505,0.018626309662398022,859.0,0.4257703081234873,1.0,1.0,0.7472894145159444,0.5116608299900025,0.8529411764705882,0.4347548343699911,43.47548343699911,57.24137931034483,648,76,662,14
109750939,Наушники LSTech D-766 черный,Headphones,26,26,0,4.884615384615385,4.923076923076923,0.8021884544923019,0.9867021276595755,0.9893617021276604,0.7678317841680495,0.010638297872339539,94.0,0.875,0.9356635683342278,1.0,0.5036403799921431,0.8947678704084634,0.8387096774193549,0.8350484450877603,83.50484450877603,97.69230769230771,66,8,225,159
109756102,"Диван Divan.kz прямой, 190х75 см, обивка велюр, серый",Furniture,30,30,0,2.7666666666666666,2.7,0.7911460483106176,0.540772532188843,0.5332618025751094,0.7863363785504766,0.030042918454934845,233.0,0.5440340909089378,0.9726727570990078,1.0,0.6033364680072083,0.5888571520544069,0.8571428571428571,0.5166414110747811,51.664141107478116,55.333333333333336,613,51,671,58
109771144,Погремушка Sobebear Банан,Kids,27,27,0,4.222222222222222,4.333333333333333,0.7523369007883991,0.7649253731343205,0.7798507462686478,0.7458519933468686,0.05970149253730944,67.0,0.875,0.8917039866919538,1.0,0.46666049930650655,0.7807305795136222,0.84375,0.7175187669524844,71.75187669524844,84.44444444444444,427,49,508,81
109877936,"Диван Стайл, 320х80 см, обивка велюр, серый",Furniture,29,29,0,3.793103448275862,3.7586206896551726,0.8355467828064969,0.4067796610169309,0.40042372881354094,0.8829630967203708,0.025423728813559907,118.0,0.3931818181821097,1.0,1.0,0.5285517437987,0.4743952899360896,0.8529411764705882,0.3952645132533138,39.52645132533138,75.86206896551724,664,68,576,-88
110040135,Mini Washing Machine голубой,HomeAppliances,28,28,0,2.5357142857142856,3.0357142857142856,0.7309195062592349,0.26876172607879845,0.39634146341463244,0.6025671370759745,0.510318949343336,533.0,0.39008620689686124,0.6051342741507388,0.9310506566605874,0.6945863979478973,0.36554061795385356,0.8484848484848485,0.2810610242037226,28.10610242037226,50.71428571428571,679,67,677,-2
110059189,Весна косметика крем Тыквенный питательный для лица 40 мл,Beauty,24,24,0,4.875,4.875,0.7314116576383185,1.0,1.0,0.788431758856627,0.0,2.0,0.875,0.9768635177113003,1.0,0.12150207915137025,0.8311661668619539,0.8275862068965517,0.7652095888974882,76.52095888974883,97.5,335,35,231,-104
110059222,Весна косметика крем Пантеноловый для лица 150 мл,Beauty,26,26,0,4.8076923076923075,4.846153846153846,0.7401394342008599,1.0,1.0,0.8186847266187562,0.0,3.0,0.875,1.0,1.0,0.15331855371478748,0.8366668370731734,0.8387096774193549,0.7745060391737525,77.45060391737525,96.15384615384615,314,30,296,-18
110077017,Велосипед BMW BMC26 2023 17 дюймов белый,Sport,27,26,1,4.423076923076923,4.346153846153846,0.7654425606016331,0.8047619047618992,0.7999999999999957,0.7921754284237696,0.09523809523808897,105.0,0.875,0.9843508568455707,1.0,0.5157575168008827,0.8146956155452583,0.8387096774193549,0.7516115993366267,75.16115993366267,88.46153846153847,366,45,464,98
110103473,Наушники JBL Tune 520BT черный,Headphones,28,27,1,3.6296296296296298,3.740740740740741,0.7600161818564978,0.7721238938053119,0.7824483775811224,0.8327366146080885,0.0884955752212365,339.0,0.875,1.0,1.0,0.6446578279754377,0.804655710233652,0.84375,0.742599040564527,74.2599040564527,72.5925925925926,382,42,599,217
110128274,Наушники Sony WH-CH720N черный,Headphones,30,30,0,4.733333333333333,4.733333333333333,0.7348962759410286,0.8373493975903575,0.8524096385542128,0.7847344485666764,0.09638554216867037,166.0,0.875,0.9694688971314139,1.0,0.5660294315898949,0.8405582734885778,0.8571428571428571,0.7846832111421237,78.46832111421237,94.66666666666667,282,29,352,70
110189239,Наушники Denmen DR-05 белый,Headphones,29,29,0,2.7241379310344827,2.6206896551724137,0.7260878619569292,0.3960176991150418,0.3694690265486677,0.7920891278289873,0.21238938053097287,113.0,0.3675149700595309,0.9841782556560064,1.0,0.523804407331976,0.4618627538529546,0.8529411764705882,0.3819837752413773,38.198377524137726,54.48275862068965,666,66,674,8
110206166,"Диван Шах, 190х75 см, обивка экокожа (искусственная кожа), черный",Furniture,27,27,0,4.296296296296297,4.333333333333333,0.7544738626767225,0.7742316784869971,0.7547281323877062,0.7687206286774426,0.48463356973995364,423.0,0.875,0.9374412573530104,0.9471040189126613,0.6690760705156701,0.8056839574787115,0.84375,0.7436769332017167,74.36769332017167,85.92592592592594,380,25,497,117
110273322,Toshiba TW-BL70A2UZ(WK) белый,HomeAppliances,29,28,1,4.464285714285714,4.535714285714286,0.7331718674166935,0.7544052863436111,0.7769823788546244,0.8326250519086135,0.12555066079295116,454.0,0.875,1.0,1.0,0.6768801597229861,0.7944590955101765,0.8484848484848485,0.7332115208418035,73.32115208418035,89.28571428571429,400,48,451,51
110273332,Toshiba TW-BL70A2UZ (SS) серый,HomeAppliances,29,29,0,4.413793103448276,4.413793103448276,0.8353283409563623,0.9229629629629638,0.9229629629629638,0.8962365829102215,0.0,675.0,0.875,1.0,1.0,0.7206646194089357,0.9131566965019511,0.8529411764705882,0.8602203092467101,86.02203092467101,88.27586206896552,9,1,465,456
110307013,Весна косметика крем Клубничный для лица 40 мл,Beauty,24,24,0,4.958333333333333,5.0,0.760788152447963,0.9939024390243906,1.0,0.7304642315361872,0.024390243902437693,41.0,0.875,0.8609284630706526,1.0,0.4133711542157449,0.8746806458214782,0.8275862068965517,0.8099511565099354,80.99511565099354,99.16666666666666,179,5,157,-22
110340129,Весна косметика крем Календула для лица 45 мл,Beauty,25,25,0,4.84,4.72,0.6999683852396391,1.0,0.9464285714285728,0.6719557966952421,0.21428571428570858,14.0,0.875,0.7439115933889964,1.0,0.2994994078203014,0.8460412677202167,0.8333333333333334,0.7824521064431476,78.24521064431475,96.8,290,24,276,-14
110340454,Трактор Музыкальный трактор синий,Kids,27,27,0,3.6666666666666665,3.5555555555555554,0.6272032010917423,0.7179487179487234,0.6602564102564167,0.6446034624626368,0.4871794871794778,39.0,0.6768867924532144,0.6892069249238952,0.9455128205129626,0.40797515924111233,0.7028301992545726,0.84375,0.6358572339710382,63.58572339710382,73.33333333333333,511,58,593,82
110582383,Велосипед БАРС Space 2023 16 дюймов синий,Sport,30,30,0,4.5,4.266666666666667,0.7909656714934223,0.830769230769226,0.7730769230769202,0.7408733473822364,0.32307692307692165,65.0,0.875,0.8817466947627094,1.0,0.4633588822311023,0.8208448080150382,0.8571428571428571,0.7636899285497181,76.36899285497181,90.0,341,41,434,93
110634950,Велосипед BUSTER BMX GR-S 2023 14 дюймов серебристый,Sport,29,29,0,4.827586206896552,4.827586206896552,0.8763745481000417,0.9545454545454551,0.9545454545454551,0.9000846474615741,0.0,165.0,0.875,1.0,1.0,0.5653651896018197,0.9010194466002323,0.8529411764705882,0.847358456301635,84.7358456301635,96.55172413793103,33,2,287,254
110868755,Велосипед Land Rover 870179 2023 18 дюймов черный,Sport,30,30,0,3.7,3.7666666666666666,0.7874224235099158,0.5575916230366488,0.5732984293193711,0.8086250481520999,0.06282722513088952,191.0,0.5850202429147163,1.0,1.0,0.5814577402957327,0.6087319260925559,0.8571428571428571,0.5378064745387928,53.78064745387928,74.0,600,69,590,-10
110975211,NORF TS100P бордовый,HomeAppliances,28,27,1,4.185185185185185,4.2592592592592595,0.829360898182835,0.7883858267716546,0.7765748031496071,0.8184161294015843,0.2834645669291327,254.0,0.875,1.0,1.0,0.6128413534120204,0.8133574246772268,0.84375,0.7517208874498194,75.17208874498193,83.7037037037037,365,47,519,154
112171730,"Диван модульный Prestige Пума, 370х75 см, обивка микровелюр, серый",Furniture,30,30,0,4.466666666666667,4.466666666666667,0.8805053810356831,0.8770325203252047,0.8770325203252047,0.8903690251499347,0.0,246.0,0.875,1.0,1.0,0.609316084170286,0.8709391809439385,0.8571428571428571,0.8170364762988863,81.70364762988864,89.33333333333333,143,11,449,306
112302234,Avalon 32F6000 81 см черный,TVs,30,30,0,3.033333333333333,3.066666666666667,0.7806257608361938,0.5974842767295625,0.5990566037735875,0.8357703338089328,0.13207547169810177,159.0,0.6064189189186161,1.0,1.0,0.5612937129558998,0.6382806634773938,0.8571428571428571,0.569273544344521,56.927354434452106,60.66666666666667,563,69,651,88
112364638,Наушники P47 черный,Headphones,30,30,0,3.3666666666666667,3.2,0.7046981677595399,0.5116666666666653,0.4666666666666646,0.6909576401458525,0.42000000000000254,150.0,0.4558823529413298,0.7819152802901412,0.9875000000000297,0.5548908729177922,0.5359455051445422,0.8571428571428571,0.46029468921102085,46.02946892110209,67.33333333333333,644,62,626,-18
112420571,Samsung WW80AGAS26AELD белый,HomeAppliances,30,30,0,4.4,4.4,0.8256085126606146,0.8828125000000008,0.8812500000000004,0.7937437865599897,0.056249999999999335,320.0,0.875,0.9874875731180044,1.0,0.6382980632868757,0.8779683887153408,0.8571428571428571,0.8245220269923377,82.45220269923377,88.00000000000001,101,17,469,368
112458900,Невская косметика крем Женьшеневый для области вокруг глаз 25 мл,Beauty,27,27,0,4.962962962962963,4.777777777777778,0.7648814245159582,1.0,1.0,0.8041688940644801,0.0,4.0,0.875,1.0,1.0,0.17799732866893112,0.8406981789018185,0.84375,0.7803816962343791,78.03816962343791,99.25925925925925,294,26,146,-148
112495408,Карточки Звуки животных,Kids,30,30,0,4.9,4.766666666666667,0.8029025830457887,0.9765624999999998,0.955729166666668,0.8203790267257463,0.08333333333332717,96.0,0.875,1.0,1.0,0.5059445458038915,0.8954175858378551,0.8571428571428571,0.8431040427569033,84.31040427569033,98.00000000000001,43,4,204,161
112591119,Велосипед Petava BMX-3 PT-216S 2023 19.5 дюймов черный,Sport,27,27,0,5.0,5.0,0.8916927865006992,1.0,1.0,0.9089527989494667,0.0,37.0,0.875,1.0,1.0,0.40230232818060574,0.8792701887708699,0.84375,0.8208160233276193,82.08160233276193,100.0,122,12,1,-121
112682300,Велосипед Headway Speed fight 2023 26 дюймов белый,Sport,25,25,0,4.6,4.44,0.8259360620871145,0.879032258064522,0.7822580645161274,0.7867330733278176,0.38709677419357785,31.0,0.875,0.9734661466536884,1.0,0.3832963842869687,0.839825729326651,0.8333333333333334,0.776016912023018,77.60169120230181,92.0,311,36,409,98
112712512,"BioBalance сыворотка Pure Vitamin C для лица, для зоны декольте 30 мл",Beauty,28,28,0,4.892857142857143,4.535714285714286,0.6697035529994785,0.9857142857142868,0.9714285714285738,0.6983182660341687,0.05714285714285288,35.0,0.875,0.7966365320667441,1.0,0.39632271201752794,0.8651421209133695,0.8484848484848485,0.8077230345961603,80.77230345961604,97.85714285714286,192,7,216,24
112808573,OPPO A78 8 ГБ/256 ГБ черный,Smartphones,29,28,1,3.392857142857143,3.5357142857142856,0.7800307147964766,0.6482342007434954,0.6658921933085511,0.8042824641041137,0.13382899628252687,538.0,0.6861961057027409,1.0,1.0,0.6956171226363002,0.6951641544125391,0.8484848484848485,0.6285383503439196,62.85383503439196,67.85714285714286,518,52,621,103
112810528,Samsung WW80AGAS26AXLD серый,HomeAppliances,30,30,0,4.633333333333334,4.6,0.8457664286476361,0.9501845018450191,0.9446494464944657,0.9122664076974126,0.02214022140221376,271.0,0.875,1.0,1.0,0.6199790530212941,0.9094265423301463,0.8571428571428571,0.858022474164214,85.8022474164214,92.66666666666667,13,3,398,385
112872921,Обучающий набор BOBO kids Аэробол,Kids,27,26,1,4.769230769230769,4.846153846153846,0.8014133928151914,0.9736842105263175,0.9824561403508784,0.8202216229205704,0.035087719298243315,57.0,0.875,1.0,1.0,0.44906858693083546,0.8843866880145417,0.8387096774193549,0.8242310512776847,82.42310512776847,95.38461538461537,104,11,325,221
113097043,"Диван DIEGO 0104, 190х55 см, обивка экокожа (искусственная кожа), черный",Furniture,28,28,0,4.928571428571429,4.642857142857143,0.7724482884868981,0.988636363636364,0.931818181818184,0.7604453850963659,0.22727272727271952,44.0,0.875,0.9208907701908902,1.0,0.4210014869716716,0.8792227654803367,0.8484848484848485,0.8225663457778348,82.25663457778349,98.57142857142858,114,10,185,71
113137790,Apple iPhone 15 128Gb NanoSIM+eSIM черный,Smartphones,30,28,2,3.142857142857143,3.1785714285714284,0.8512099602490971,0.7647544366487831,0.762587701196864,0.8688946888216035,0.36442426743706163,2423.0,0.875,1.0,1.0,0.8618935871548994,0.8117538334500991,0.8484848484848485,0.7514430141393489,75.14430141393488,62.857142857142854,367,29,641,274
113137929,Apple iPhone 15 128Gb NanoSIM+eSIM голубой,Smartphones,30,29,1,3.4827586206896552,3.3793103448275863,0.8024073241212856,0.7006578947368431,0.7131578947368435,0.774980345540086,0.4236842105263163,760.0,0.7786697247709318,0.9499606910782721,0.9851973684210894,0.7337636359088288,0.7477318041499573,0.8529411764705882,0.684919425099559,68.4919425099559,69.65517241379311,462,43,613,151
113137931,Apple iPhone 15 256Gb NanoSIM+eSIM голубой,Smartphones,30,29,1,4.0344827586206895,3.896551724137931,0.8402998591534433,0.28870967741935194,0.2758064516129004,0.7635535056651809,0.05161290322580616,620.0,0.19517543859625608,0.9271070113285076,1.0,0.7112792258250589,0.3809939910608729,0.8529411764705882,0.2962870858509229,29.628708585092287,80.6896551724138,678,69,541,-137
113138331,Apple iPhone 15 Pro 256Gb NanoSIM+eSIM синий,Smartphones,29,29,0,3.1379310344827585,3.0689655172413794,0.8088372681848811,0.5200051626226121,0.5125193598347959,0.9046631004508611,0.07743933918430525,1937.0,0.5178834808258903,1.0,1.0,0.837146352923695,0.5814001055027848,0.8529411764705882,0.5086575976322405,50.86575976322405,62.75862068965517,618,58,642,24
113138428,Apple iPhone 15 Pro Max 256Gb NanoSIM+eSIM синий,Smartphones,29,29,0,2.9310344827586206,2.9310344827586206,0.8775551346992748,0.6560283687943267,0.6560283687943267,0.9183372843921348,0.0,1692.0,0.6701030927838777,1.0,1.0,0.8221988213609711,0.7027621500194908,0.8529411764705882,0.6372650484408859,63.726504844088595,58.620689655172406,509,50,659,150
113138461,Apple iPhone 15 Pro Max 512Gb NanoSIM+eSIM серый,Smartphones,30,30,0,4.0,4.0,0.8526632492701967,0.8476631393298065,0.8476631393298065,0.9021133815343328,0.0,1134.0,0.875,1.0,1.0,0.7779748759939816,0.8687357729985928,0.8571428571428571,0.8146900209927362,81.46900209927362,80.0,156,15,542,386
113157560,Погремушка Baby Boom Грибок,Kids,23,23,0,4.956521739130435,4.956521739130435,0.7658712243763672,0.9921875000000002,0.9921875000000002,0.7892438779390272,0.0,32.0,0.875,0.9784877558760975,1.0,0.38669960537370857,0.8754431883566958,0.8214285714285714,0.8084231845252345,80.84231845252346,99.13043478260869,188,21,160,-28
113210821,Книжка-игрушка Папка Монтессори,Kids,30,30,0,4.866666666666666,4.666666666666667,0.7995515966057737,0.9519230769230741,0.9278846153846146,0.8096277544475914,0.09615384615383753,104.0,0.875,1.0,1.0,0.5147092060272822,0.8910511259613092,0.8571428571428571,0.8384541081099601,83.84541081099601,97.33333333333333,54,5,235,181
113507828,Невская косметика крем Облепиховый для лица 40 мл,Beauty,15,15,0,4.6,4.6,0.787075475610507,0.4999999999999792,0.4999999999999792,0.7165734370327299,0.0,18.0,0.4999999999999688,0.8331468740637936,1.0,0.325643051323212,0.5307785080610453,0.75,0.4604432149984467,46.04432149984467,92.0,642,112,409,-233
113507896,Невская косметика крем Миндальный для лица 40 мл,Beauty,23,23,0,4.782608695652174,4.782608695652174,0.6948110869248566,0.8611111111111168,0.9166666666666702,0.6756186635207456,0.222222222222213,9.0,0.875,0.7512373270399888,1.0,0.2546566055263249,0.8002907922759921,0.8214285714285714,0.7317264627626102,73.17264627626102,95.65217391304348,402,48,318,-84
113508064,Невская косметика крем Пантенол для лица 40 мл,Beauty,24,24,0,4.958333333333333,4.916666666666667,0.7975341869995475,0.9642857142857112,0.9642857142857112,0.7958611448501862,0.0,21.0,0.875,0.991722289698389,1.0,0.3418568030797321,0.8632658197789767,0.8275862068965517,0.798214437528652,79.82144375286519,99.16666666666666,228,12,157,-71
113523095,LG F2V5PS2S серый,HomeAppliances,30,30,0,4.5,4.533333333333333,0.8597611077552553,0.8041125541125529,0.807359307359306,0.8897144100442328,0.012987012987012884,231.0,0.875,1.0,1.0,0.6023871406456229,0.8231249361450588,0.8571428571428571,0.7661180847886435,76.61180847886435,90.0,332,46,434,102
113567220,Portable Foldable mini фиолетовый,HomeAppliances,30,30,0,3.0,3.0,0.7560506622191147,0.48376623376623484,0.48376623376623484,0.7945564125675321,0.10389610389610435,308.0,0.47713414634155077,0.989112825133086,1.0,0.6340843742718179,0.5411535930228132,0.8571428571428571,0.4658408911581813,46.58408911581813,60.0,640,64,652,12
113677582,Наушники Apple AirPods Pro 2nd generation with Wireless MagSafe Charging Case белый,Headphones,30,30,0,3.8666666666666667,4.133333333333334,0.8505010116102305,0.8301213418986442,0.8476088508208425,0.883502079765832,0.06995003568879293,1401.0,0.875,1.0,1.0,0.8013401675978842,0.8574894770649955,0.8571428571428571,0.802713604721902,80.2713604721902,77.33333333333333,208,23,566,358
113730776,"Конструктор Домики, деталей 98 шт",Kids,30,30,0,4.5,4.5,0.8077808421876458,0.8924050632911417,0.8924050632911417,0.8296905843609867,0.0,79.0,0.875,1.0,1.0,0.48463443609850604,0.8618473207706174,0.8571428571428571,0.8073543638278263,80.73543638278264,90.0,196,24,434,238
113793320,Прорезыватель YINLE Манхэттенский шар,Kids,29,29,0,4.862068965517241,4.793103448275862,0.7900000789554502,0.9743589743589761,0.961538461538464,0.8076070336467795,0.10256410256409618,78.0,0.875,1.0,1.0,0.4832432736228172,0.8907928686619954,0.8529411764705882,0.8365213438883586,83.65213438883586,97.24137931034483,60,6,247,187
113958394,LG F2V5PS0W белый,HomeAppliances,30,30,0,4.766666666666667,4.766666666666667,0.8419186822110643,0.9549180327868858,0.9549180327868858,0.8382640208453501,0.0,183.0,0.875,1.0,1.0,0.5767508189431294,0.9032102679784554,0.8571428571428571,0.8514026333091327,85.14026333091327,95.33333333333334,24,4,331,307
113969806,Наушники Xiaomi Redmi Buds 5 черный,Headphones,11,11,0,3.909090909090909,3.4545454545454546,0.6792658071455964,0.8808139534883742,0.8517441860465144,0.749622585168053,0.11627906976743953,258.0,0.875,0.8992451703343076,1.0,0.6145627260384121,0.8700307006520178,0.6875,0.7535136903927541,75.35136903927541,78.18181818181819,361,41,562,201
113992900,Стучалка Huanger Ударь крота,Kids,29,29,0,4.724137931034483,4.551724137931035,0.7913280974161646,0.9310344827586206,0.8879310344827585,0.7913280974161646,0.17241379310344823,29.0,0.875,0.9826561948303639,1.0,0.37615868467769514,0.860055502052879,0.8529411764705882,0.8039489331324978,80.39489331324978,94.48275862068967,206,25,360,154
114086432,Наушники Apple EarPods USB-C белый,Headphones,30,29,1,2.7586206896551726,2.8275862068965516,0.8290591016988705,0.6644050104384158,0.6597077244258897,0.8406381426102768,0.11899791231732812,479.0,0.6759969325157148,1.0,1.0,0.68279579210727,0.7036777534400306,0.8529411764705882,0.638235314081484,63.823531408148405,55.172413793103445,507,49,672,165
114213061,SMART Q9055s 127 см черный,TVs,30,30,0,3.8333333333333335,3.7666666666666666,0.7337497097518362,0.7319004524886887,0.7228506787330322,0.7928807824742384,0.07239819004524621,221.0,0.8015306122451357,0.9857615649465054,1.0,0.5975142838401952,0.7660679899337811,0.8571428571428571,0.7053569468100974,70.53569468100974,76.66666666666667,437,51,569,132
114349345,SMART 45G7000 127 см черный,TVs,28,28,0,3.5714285714285716,3.5357142857142856,0.7964989384490838,0.721153846153848,0.7067307692307707,0.801163186467022,0.1153846153846168,208.0,0.7643442622953973,1.0,1.0,0.5908405775455503,0.7533075326886484,0.8484848484848485,0.6898310172244376,68.98310172244376,71.42857142857143,456,54,607,151
114703853,Легковая Model toys Гоночные машинки мультиколор,Kids,30,30,0,4.166666666666667,4.033333333333333,0.7015945165268191,0.7682291666666651,0.7265624999999993,0.6942355481602939,0.22916666666666471,96.0,0.8107142857144971,0.7884710963190108,1.0,0.5059445458038915,0.7742808455724214,0.8571428571428571,0.7141029889275545,71.41029889275545,83.33333333333334,432,51,523,91
114737614,LG F2V3FS4W белый,HomeAppliances,29,29,0,4.758620689655173,4.793103448275862,0.8580966727031833,0.9458955223880594,0.9477611940298503,0.884614590871214,0.007462686567163348,134.0,0.875,1.0,1.0,0.5425035661230418,0.8940819980232655,0.8529411764705882,0.8400068367722118,84.00068367722118,95.17241379310344,50,7,336,286
114865560,Телефон Toys Зайчик,Kids,28,28,0,4.714285714285714,4.571428571428571,0.7730641031918004,0.9384615384615416,0.8615384615384573,0.7779232941474052,0.3076923076923377,65.0,0.875,0.9558465882928988,1.0,0.4633588822311023,0.8767255104173275,0.8484848484848485,0.8199338289335977,81.99338289335977,94.28571428571428,129,15,365,236
114898074,"Its Skin крем с гиалуроновой кислотой V7 Hyaluronic для лица, для зоны декольте 50 мл",Beauty,2,2,0,5.0,5.0,0.8437787910823338,1.0,1.0,0.7496839307542,0.0,1.0,0.875,0.8993678615066014,1.0,0.07665927685739374,0.8217353855574698,0.2857142857142857,0.5882127744139515,58.82127744139515,100.0,545,83,1,-544
114986390,Avalon 43D7000 109 см черный,TVs,30,30,0,3.8333333333333335,3.933333333333333,0.7850190894218699,0.64942528735632,0.6867816091954007,0.7632240549447309,0.14942528735632313,87.0,0.7236238532113671,0.926448109887609,1.0,0.4951753567945196,0.6884937620949986,0.8571428571428571,0.6227465255681739,62.27465255681739,76.66666666666667,523,63,569,46
115019992,"HYDRA Home H20 15.6"" / 12 Гб / SSD 512 Гб / Win 11 / MKII",Laptops,30,30,0,4.733333333333333,4.8,0.8286215944709782,0.9520547945205485,0.9623287671232883,0.8396616273487967,0.0410958904109587,219.0,0.875,1.0,1.0,0.596513408606057,0.9058597854733828,0.8571428571428571,0.8542241600254369,85.42241600254368,94.66666666666667,19,3,352,333
115166626,"Novosvit сыворотка-концентрат Гиалуроновая кислота Коллаген для лица, для зоны декольте 100 мл",Beauty,30,30,0,4.866666666666666,4.866666666666666,0.7583382021132364,0.961538461538462,0.961538461538462,0.8005195433275588,0.0,26.0,0.875,1.0,1.0,0.36450623745411076,0.866748682557492,0.8571428571428571,0.8125739267310405,81.25739267310405,97.33333333333333,166,2,235,69
115431168,"Конструктор Магнитный конструктор , деталей 64 шт",Kids,29,29,0,3.8275862068965516,3.6206896551724137,0.7467699473505978,0.6176470588235157,0.5558823529411598,0.7407545111336501,0.24705882352942288,85.0,0.5685096153843748,0.8815090222655372,1.0,0.4926328089896196,0.6335963826739808,0.8529411764705882,0.5639700322193569,56.39700322193569,76.55172413793103,567,63,572,5
115685357,"Мягкая игрушка браслет Капибара, высота 15 см, коричневый",Kids,30,30,0,4.366666666666666,4.533333333333333,0.7754240817411377,0.8525179856115125,0.8758992805755399,0.7686020831786341,0.0935251798561092,139.0,0.875,0.9372041663553938,1.0,0.5465256805906995,0.8465824846544423,0.8571428571428571,0.791098519884824,79.1098519884824,87.33333333333333,254,31,478,224
115724796,"Oyan Lite X14 14.1"" / 8 Гб / SSD 512 Гб / Win 11 Home / R1526",Laptops,30,30,0,4.7,4.7,0.8567327238159412,0.9377593360995862,0.9377593360995862,0.8694804950781356,0.0,241.0,0.875,1.0,1.0,0.6070543293020705,0.9022931108574509,0.8571428571428571,0.8504259334666453,85.04259334666453,94.0,28,6,370,342
115726777,Автотранспортер Трюковый гараж автотрек мультиколор,Kids,30,30,0,4.333333333333333,4.366666666666666,0.7833609307831636,0.8010204081632609,0.7806122448979529,0.7550176495732267,0.44897959183674874,98.0,0.875,0.9100352991446334,0.9693877551021086,0.5082016845250789,0.808699125067637,0.8571428571428571,0.7507557361960298,75.07557361960298,86.66666666666666,368,42,485,117
115757061,Leadbros 32FZ-B 81 см черный,TVs,29,29,0,4.758620689655173,4.724137931034483,0.8521753567010237,0.9703196347031973,0.9668949771689507,0.8577592329660412,0.013698630136986207,219.0,0.875,1.0,1.0,0.596513408606057,0.9111840159872188,0.8529411764705882,0.858129858206025,85.8129858206025,95.17241379310344,12,5,336,324
115858315,"Угловой диван Sleepy Night Sherlock, 306х170 см, обивка шенилл, бежевый",Furniture,30,30,0,4.566666666666666,4.5,0.8499803937289789,0.8061797752808976,0.7963483146067406,0.8696031697836186,0.03932584269662848,178.0,0.875,1.0,1.0,0.573703905619032,0.8217764567843638,0.8571428571428571,0.7646820608522589,76.46820608522589,91.33333333333333,337,21,421,84
115890212,Книжка-игрушка Животные на ферме,Kids,29,29,0,4.931034482758621,4.827586206896552,0.74436987678715,0.9908536585365861,0.969512195121954,0.7184467981652398,0.10975609756096612,82.0,0.875,0.8368935963288059,1.0,0.48870591274442593,0.8852751327959353,0.8529411764705882,0.8306741949976548,83.06741949976548,98.62068965517243,81,9,178,97
115906266,Кристаллы для ванны 696181 пластик мультиколор,Kids,28,28,0,4.107142857142857,4.142857142857143,0.8006152932893269,0.7385496183206093,0.7442748091603039,0.7986257457661772,0.022900763358778543,131.0,0.8582089552239406,0.99725149153036,1.0,0.540018159088496,0.7722575860167641,0.8484848484848485,0.7098074847164461,70.9807484716446,82.14285714285714,436,52,530,94
115966444,"PHILOSOPHY крем Anti Rougeurs SPF30 для лица, для зоны декольте 100 мл",Beauty,13,13,0,4.846153846153846,4.769230769230769,0.6340137229249029,1.0,1.0,0.7284224049666476,0.0,8.0,0.875,0.8568448099315815,1.0,0.2430041583027405,0.8462684340170661,0.7222222222222222,0.7449956606558197,74.49956606558197,96.9230769230769,375,41,271,-104
116042629,Samsung Galaxy S24 5G 8 ГБ/256 ГБ черный,Smartphones,30,30,0,4.066666666666666,4.033333333333333,0.8030288049884241,0.5091783216783198,0.46153846153845923,0.771773046348976,0.21503496503496525,572.0,0.4500000000001707,0.943546092696065,1.0,0.7023822935469594,0.5513283151895975,0.8571428571428571,0.4766761660637133,47.66761660637133,81.33333333333333,637,62,537,-100
116044354,Samsung Galaxy S24 Ultra 5G 12 ГБ/256 ГБ черный,Smartphones,28,28,0,4.0,3.9642857142857144,0.8674963922405119,0.7525176233635446,0.7462235649546825,0.862147652814506,0.02517623363544816,993.0,0.863839285714328,1.0,1.0,0.7633042421014438,0.7976207961627989,0.8484848484848485,0.7365444724284287,73.65444724284286,80.0,392,33,542,150
116105436,Набор для творчества Животные,Kids,29,29,0,5.0,4.9655172413793105,0.8207907267977784,1.0,0.9932432432432433,0.8247756940544192,0.027027027027026748,37.0,0.875,1.0,1.0,0.40230232818060574,0.8792701887708699,0.8529411764705882,0.8243107512505782,82.43107512505782,100.0,103,10,1,-102
116112464,Наушники P9 серебристый,Headphones,29,29,0,3.8275862068965516,3.9310344827586206,0.8097753355294511,0.7374999999999998,0.7549242424242422,0.8474722010154637,0.0696969696969697,660.0,0.875,1.0,1.0,0.7181829305730003,0.7849486335946564,0.8529411764705882,0.7243581275466328,72.43581275466327,76.55172413793103,414,46,572,158
116139285,"Lenovo IdeaPad Slim 3 15.6"" / 16 Гб / SSD 1000 Гб / Win 11 Pro / 15IRH8 / 83EM004WRK",Laptops,29,29,0,4.689655172413793,4.655172413793103,0.7896847290969068,0.8895348837209244,0.8604651162790625,0.8010644732122241,0.162790697674423,43.0,0.875,1.0,1.0,0.4185160799371258,0.8505157583289941,0.8529411764705882,0.7938396594581593,79.38396594581593,93.79310344827584,243,52,377,134
116230353,Yasin LED-50UD81 127 см черный,TVs,29,29,0,4.655172413793103,4.655172413793103,0.8934398660040517,0.7439024390243781,0.7439024390243781,0.8768218744493105,0.0,82.0,0.8571428571428905,1.0,1.0,0.48870591274442593,0.7715798490185471,0.8529411764705882,0.7101912163711483,71.01912163711484,93.10344827586206,435,50,387,-48
116297801,"Acer Nitro V 15 15.6"" / 16 Гб / SSD 512 Гб / Без ОС / ANV15-51 / NH.QNDER.002",Laptops,29,29,0,4.758620689655173,4.758620689655173,0.8210975601324056,0.926356589147286,0.9748062015503882,0.7955251050863907,0.2248062015503908,258.0,0.875,0.9910502101707994,1.0,0.6145627260384121,0.8983859031224515,0.8529411764705882,0.8445676882767563,84.45676882767563,95.17241379310344,39,10,336,297
116359419,Невская косметика крем Гиалуроновый для области вокруг глаз 25 мл,Beauty,25,24,1,4.791666666666667,4.708333333333333,0.7504378277230622,1.0,1.0,0.8018447373867841,0.0,13.0,0.875,1.0,1.0,0.29186907506437465,0.8598405527608578,0.8275862068965517,0.7946925795276772,79.46925795276772,95.83333333333334,237,14,314,77
116422441,"Головоломка Фрукты и овощи, цвета, фигуры, машинки, рыбы,цифры",Kids,30,30,0,4.2,4.3,0.7186629774839591,0.7828947368420999,0.8421052631578959,0.6912065208067821,0.34210526315791545,76.0,0.875,0.7824130416119995,1.0,0.48040732442931927,0.786523605973485,0.8571428571428571,0.7271405610964672,72.71405610964672,84.00000000000001,408,46,514,106
116672233,Велосипед Prego SS Холодное сердце 2023 18 дюймов розовый,Sport,29,28,1,4.642857142857143,4.607142857142857,0.7587299133075416,0.8452380952380941,0.8154761904761875,0.8005521080866901,0.21428571428571488,42.0,0.875,1.0,1.0,0.4159735321322259,0.827505214419646,0.8484848484848485,0.7680475557965244,76.80475557965244,92.85714285714286,330,39,394,64
116672263,Велосипед Prego SS Холодное сердце 2023 16 дюймов розовый,Sport,25,25,0,4.72,4.64,0.8096706904708203,0.89,0.9,0.788000586195394,0.04,25.0,0.875,0.9760011723888361,1.0,0.36033230970446783,0.8414538075237826,0.8333333333333334,0.7777025262154367,77.77025262154366,94.39999999999999,304,34,363,59
116672276,Велосипед Prego SS Холодное сердце 2023 14 дюймов розовый,Sport,30,30,0,4.966666666666667,4.866666666666666,0.7958305211922256,1.0,1.0,0.9153998341834091,0.0,4.0,0.875,1.0,1.0,0.17799732866893112,0.8406981789018185,0.8571428571428571,0.7848321993492106,78.48321993492105,99.33333333333334,279,31,121,-158
116684101,Xiaomi Redmi Note 13 Pro+ 5G NFC 12 ГБ/512 ГБ черный,Smartphones,30,30,0,3.2333333333333334,3.2,0.84121578198672,0.7065948855989247,0.701211305518171,0.8332703040226567,0.08075370121130486,743.0,0.7525337837841167,1.0,1.0,0.7312650162873775,0.7495989592848833,0.8571428571428571,0.6878187308683408,68.78187308683408,64.66666666666667,459,42,636,177
116760063,Наушники Huawei FreeClip черный,Headphones,29,29,0,4.827586206896552,4.655172413793103,0.7123705196384413,0.9697580645161293,0.9435483870967742,0.7342345407935595,0.10483870967742052,248.0,0.875,0.8684690815853822,1.0,0.6102079918957961,0.9060578530605575,0.8529411764705882,0.8526976594567948,85.26976594567948,96.55172413793103,20,2,287,267
116992751,"Диван раскладной, 300х70 см, обивка велюр, бежевый",Furniture,30,29,1,2.896551724137931,2.8275862068965516,0.7740570009005868,0.46625766871165514,0.4616564417177895,0.7734318470606008,0.37423312883435833,163.0,0.45013297872357505,0.9468636941193078,1.0,0.56402461611469,0.5187643049803784,0.8529411764705882,0.44228239221588295,44.2282392215883,57.931034482758626,646,63,661,15
117046774,"ThundeRobot 911S Core D 15.6"" / 16 Гб / SSD 512 Гб / Без ОС / JT009K00F",Laptops,30,30,0,4.333333333333333,4.233333333333333,0.8078242243697857,0.8385416666666667,0.8261718750000006,0.8186980084418359,0.1901041666666652,384.0,0.875,1.0,1.0,0.6584046530982504,0.8517587096728886,0.8571428571428571,0.7966107904046866,79.66107904046866,86.66666666666666,231,49,485,254
117057041,Велосипед AlteZza Altezza2606 2024 19 дюймов оранжевый,Sport,28,28,0,4.571428571428571,4.642857142857143,0.7771650665441736,0.839473684210522,0.8684210526315748,0.7383634189431756,0.11578947368421047,95.0,0.875,0.8767268378845978,1.0,0.5047984634383389,0.8306243882568294,0.8484848484848485,0.7713356771374795,77.13356771374795,91.42857142857143,321,38,417,96
117057062,Велосипед AlteZza Altezza2606 2024 19 дюймов красный,Sport,30,30,0,4.5,4.266666666666667,0.7764995365798775,0.8368644067796565,0.7648305084745725,0.7645730748375887,0.28813559322033605,118.0,0.875,0.9291461496733192,1.0,0.5285517437987,0.8345588926783404,0.8571428571428571,0.7782943447655944,77.82943447655944,90.0,301,33,434,133
117057080,Велосипед AlteZza Altezza2606 2024 19 дюймов синий,Sport,30,30,0,3.3,3.1666666666666665,0.736955820250277,0.606020942408379,0.6047120418848184,0.7780074675272202,0.3403141361256542,191.0,0.6107011070107593,0.9560149350525283,1.0,0.5814577402957327,0.643834221642498,0.8571428571428571,0.5751876448414572,57.51876448414573,65.99999999999999,558,67,632,74
117072805,Наушники P9 черный,Headphones,28,28,0,3.5714285714285716,3.5,0.7380568362720982,0.6630859375000008,0.6357421875000004,0.7173814259324907,0.35937500000000183,256.0,0.6397453083113432,0.8347628518633119,1.0,0.6137053887330015,0.6836822230633217,0.8484848484848485,0.6164345095593239,61.64345095593239,71.42857142857143,529,53,607,78
117106829,Bioderma добавка в косметику PHOTODERM для лица 10 г,Beauty,2,2,0,5.0,5.0,0.9165422943086767,1.0,1.0,0.9165422943086767,0.0,0.0,0.875,1.0,1.0,0.0,0.8125366885156105,0.2857142857142857,0.5849474793167012,58.494747931670126,100.0,546,84,1,-545
117121093,Крымская Живая Косметика эссенция Ретинол 0.5% для лица 30 мл,Beauty,2,2,0,5.0,5.0,0.7076848872809627,1.0,1.0,0.8449183938553148,0.0,1.0,0.875,1.0,1.0,0.07665927685739374,0.8244063826227439,0.2857142857142857,0.5891609080009499,58.916090800094985,100.0,544,82,1,-543
117244752,GM exsellent LG4001 синий,HomeAppliances,30,29,1,3.6551724137931036,3.586206896551724,0.7642939472530815,0.7491408934707922,0.7422680412371154,0.7887362365167535,0.08247422680412063,291.0,0.8525000000000903,0.9774724730315522,1.0,0.6278260282726659,0.7853211529193246,0.8529411764705882,0.7247528865580957,72.47528865580956,73.10344827586206,412,51,595,183
117403264,SMART QUA32QX2AAJXXZ 81 см черный,TVs,30,30,0,4.3,4.266666666666667,0.849141426924223,0.8380952380952392,0.8380952380952396,0.8661014052141266,0.09523809523809534,210.0,0.875,1.0,1.0,0.5918938803505024,0.8445367723799617,0.8571428571428571,0.7889199980040026,78.89199980040026,86.0,266,31,494,228
117420207,Samsung Galaxy A55 5G 8 ГБ/256 ГБ темно-синий,Smartphones,30,29,1,3.586206896551724,3.6206896551724137,0.8583522618893664,0.7323820617355856,0.7412638322655799,0.8998263014758019,0.035527082119976634,1717.0,0.8496764209342544,1.0,1.0,0.8238200165961003,0.7846762838784008,0.8529411764705882,0.7240695183453328,72.40695183453329,71.72413793103448,415,36,606,191
117491842,"Диван Modern, 300х100 см, обивка велюр, бежевый",Furniture,29,28,1,3.5357142857142856,3.4285714285714284,0.7534628330322103,0.418224299065408,0.40887850467288556,0.8223923855639819,0.056074766355134524,107.0,0.39982876712357196,1.0,1.0,0.5178247911688982,0.4818325014030896,0.8484848484848485,0.4036517625559663,40.36517625559663,70.71428571428571,662,67,610,-52
117491895,"Диван прямой Rio, 300х93 см, обивка велюр, серый",Furniture,29,29,0,3.9310344827586206,3.896551724137931,0.819316459125682,0.533707865168518,0.5280898876404285,0.787855292329443,0.02247191011235776,89.0,0.5378787878786263,0.9757105846569346,1.0,0.4976607638290653,0.5781413939640859,0.8529411764705882,0.5052043385380838,50.52043385380838,78.62068965517241,621,55,556,-65
117491917,"Диван Rio, 300х93 см, обивка велюр, бежевый",Furniture,30,30,0,3.7333333333333334,3.8333333333333335,0.7491687140234798,0.5871559633027437,0.5940366972476954,0.7636215677360514,0.1559633027522849,109.0,0.6024999999996933,0.9272431354702484,1.0,0.5198541317486632,0.6248988535348097,0.8571428571428571,0.5550229744434751,55.50229744434751,74.66666666666667,573,42,585,12
117523677,Велосипед Cruzer WISENT 2024 17 дюймов серебристый,Sport,26,26,0,4.884615384615385,4.8076923076923075,0.8140249529947735,0.9558823529411764,0.9147058823529406,0.7978412775974085,0.18823529411764645,85.0,0.875,0.9956825551928258,1.0,0.4926328089896196,0.8881699867192524,0.8387096774193549,0.8281733220554304,82.81733220554304,97.69230769230771,87,7,225,138
117562151,"Обучающий набор Busy game, обучающая книжка на липучках",Kids,27,27,0,4.777777777777778,4.62962962962963,0.7920961686467969,0.942857142857144,0.900000000000002,0.781825766573266,0.17142857142856774,35.0,0.875,0.9636515331446047,1.0,0.39632271201752794,0.8667647904642609,0.84375,0.8077068447476773,80.77068447476773,95.55555555555554,193,22,319,126
117564377,Погремушка Лесная мастерская «Маракасы с картинкой»,Kids,30,28,2,4.857142857142857,4.571428571428571,0.729779516822389,0.9102564102564041,0.8397435897435839,0.7144560175022742,0.28205128205128077,39.0,0.875,0.8289120350028906,1.0,0.40797515924111233,0.8495880587227251,0.8484848484848485,0.7913264993284161,79.13264993284162,97.14285714285712,253,30,256,3
117597956,Велосипед Cruzer WISENT 2024 17 дюймов синий,Sport,30,30,0,4.866666666666666,4.8,0.7996689389475232,0.9281249999999976,0.9124999999999978,0.811785490297426,0.06249999999999971,80.0,0.875,1.0,1.0,0.486008316605481,0.8778366386819393,0.8571428571428571,0.8243817236201849,82.43817236201849,97.33333333333333,102,8,235,133
117774331,Велосипед Cruzer Sheriff 2024 17 дюймов зеленый,Sport,30,30,0,4.966666666666667,5.0,0.857238587003063,0.9926470588235299,1.0,0.8500928408872459,0.029411764705881065,34.0,0.875,1.0,1.0,0.393207126875912,0.8769768639332698,0.8571428571428571,0.8234661314687765,82.34661314687764,99.33333333333334,106,9,121,15
117795162,Велосипед Cruzer Sheriff 2024 17 дюймов синий,Sport,25,25,0,4.96,4.96,0.8483863198418917,1.0,1.0,0.8560633193430035,0.0,16.0,0.875,1.0,1.0,0.313341945591719,0.8635511183285813,0.8333333333333334,0.8005807520724456,80.05807520724456,99.2,221,23,152,-69
117849530,"HYDRA Home H21 15.6"" / 12 Гб / SSD 512 Гб / Win 11 / MKII",Laptops,30,30,0,4.8,4.766666666666667,0.7353283073532738,0.8928571428571388,0.9022556390977414,0.7676749193316386,0.2631578947368505,133.0,0.875,0.9353498386614065,1.0,0.5416812875503396,0.8687251617700819,0.8571428571428571,0.8146787208730752,81.46787208730753,96.0,157,35,300,143
117972558,Интерактивная игрушка Жираф,Kids,27,27,0,4.925925925925926,4.962962962962963,0.7847888115741031,0.9635416666666647,0.9687499999999978,0.8016713851428475,0.020833333333332198,48.0,0.875,1.0,1.0,0.4304195964139618,0.8789107633240366,0.84375,0.8204392442556386,82.04392442556386,98.51851851851852,126,14,190,64
117989936,Bioderma крем ABCDerm Babysquam для лица 40 мл,Beauty,25,25,0,4.8,4.32,0.6612682450016706,0.666666666666639,0.444444444444426,0.5434630275029236,0.888888888888852,9.0,0.4318181818183864,0.48692605500487346,0.6944444444452313,0.2546566055263249,0.582581577667884,0.8333333333333334,0.5096817975815869,50.9681797581587,96.0,616,108,300,-316
118137873,Коврик-пазл Ортодон 25x25 см,Kids,27,27,0,4.62962962962963,4.518518518518518,0.8107059727138811,0.8725490196078379,0.8382352941176396,0.8216041882052642,0.1372549019607929,51.0,0.875,1.0,1.0,0.43699158656186154,0.8449117137756841,0.84375,0.7847986671904441,78.47986671904441,92.5925925925926,281,34,401,120
118212598,"Мягкая игрушка Зайчик в клубничке, 35 см",Kids,29,29,0,4.103448275862069,4.137931034482759,0.6871209804868535,0.693548387096769,0.7056451612903166,0.6776605228544046,0.14516129032258307,62.0,0.7619863013701659,0.7553210457072986,1.0,0.45821395650972135,0.7118708759293698,0.8529411764705882,0.6469175722101516,64.69175722101515,82.0689655172414,505,56,531,26
118282789,"Диван Айша, 220х90 см, обивка ткань, серый",Furniture,27,27,0,4.222222222222222,4.2592592592592595,0.7400000456500607,0.7173913043478374,0.7065217391304471,0.6980916987559418,0.130434782608683,23.0,0.7638888888892286,0.7961833975102913,1.0,0.3514799097235515,0.722040424246699,0.84375,0.6559949588006073,65.59949588006073,84.44444444444444,494,36,508,14
118287281,Наушники WIWU Earbuds 303 белый,Headphones,29,28,1,3.0714285714285716,3.107142857142857,0.7193462927426703,0.5220588235294085,0.5367647058823481,0.7244517530547332,0.4117647058823531,102.0,0.5480769230767499,0.8489035061077687,0.9926470588235478,0.5125822951204476,0.5654080770569535,0.8484848484848485,0.49175414101725773,49.17541410172577,61.42857142857143,629,59,648,19
118305585,Велосипед TC-7 2024 21 дюйм синий,Sport,30,30,0,4.3,4.166666666666667,0.7924594374309107,0.8104395604395594,0.7994505494505494,0.8221299905993373,0.04395604395604017,91.0,0.875,1.0,1.0,0.5000915420857357,0.8169488238869257,0.8571428571428571,0.7595410133888209,75.95410133888208,86.0,349,42,494,145
118305591,Велосипед TC-7 2024 21 дюйм зеленый,Sport,29,29,0,4.793103448275862,4.793103448275862,0.8718750807476523,0.9285714285714315,0.9285714285714315,0.8325796175665782,0.0,35.0,0.875,1.0,1.0,0.39632271201752794,0.8628831916327055,0.8529411764705882,0.806945437929264,80.6945437929264,95.86206896551724,198,18,308,110
118305592,Велосипед TC-7 2024 19 дюймов синий,Sport,29,29,0,4.655172413793103,4.620689655172414,0.8681905884229653,0.9500000000000036,0.9454545454545494,0.878153824520901,0.018181818181816824,55.0,0.875,1.0,1.0,0.4451876287791622,0.8780867584990472,0.8529411764705882,0.8230566692921291,82.3056669292129,93.10344827586206,108,10,387,279
118366664,Наушники Air pro 2 белый,Headphones,29,29,0,4.103448275862069,4.068965517241379,0.7922179534165185,0.9077777777777789,0.9083333333333344,0.8572556280893223,0.07777777777777678,450.0,0.875,1.0,1.0,0.6759035886222409,0.8980374055579377,0.8529411764705882,0.8441983851427852,84.41983851427852,82.0689655172414,41,4,531,490
118395132,"ASUS Vivobook 15 15.6"" / 24 Гб / SSD 1000 Гб / Win 11 Pro / X1504ZA-BQ1105ZW / 90NB1022-MZW1M0",Laptops,30,30,0,4.733333333333333,4.833333333333333,0.8692759050546737,0.8286516853932518,0.837078651685386,0.8877690042706102,0.0337078651685365,89.0,0.875,1.0,1.0,0.4976607638290653,0.8279646182281478,0.8571428571428571,0.7712719636824414,77.12719636824414,94.66666666666667,322,56,352,30
118424682,Велосипед A-bike BMW 2024 12 дюймов белый,Sport,30,30,0,4.066666666666666,4.0,0.8536081651951145,0.6828947368421007,0.6671052631578902,0.8520319190557953,0.2736842105263196,190.0,0.6882411067197349,1.0,1.0,0.5808802143955891,0.7130517909643143,0.8571428571428571,0.6488988852665741,64.88988852665742,81.33333333333333,502,64,537,35
118442494,Невская косметика крем Авокадо для лица 40 мл,Beauty,27,27,0,4.925925925925926,4.777777777777778,0.7620701581118922,0.9,1.0,0.674062023673155,0.4,5.0,0.875,0.7481240473448139,1.0,0.19816135600876397,0.8077719436259343,0.84375,0.7458657305998709,74.58657305998709,98.51851851851852,374,40,190,-184
118451830,Велосипед Grantel 2189 2024 21 дюйм серый,Sport,30,30,0,3.7333333333333334,3.7,0.7945533653924264,0.5216981132075452,0.5207547169811303,0.8187866291473974,0.10188679245283037,265.0,0.5287456445991947,1.0,1.0,0.6175121263875867,0.5756100983797288,0.8571428571428571,0.5025343459480249,50.25343459480249,74.66666666666667,622,71,585,-37
118477909,"Диван прямой Шах, 190х90 см, обивка экокожа (искусственная кожа), коричневый",Furniture,29,29,0,4.931034482758621,4.655172413793103,0.7835566395222149,0.9864864864864875,0.9256756756756777,0.7906197985863163,0.24324324324323857,74.0,0.875,0.9812395971706701,1.0,0.47749673648923247,0.8914008555319167,0.8529411764705882,0.8371656280364802,83.71656280364802,98.62068965517243,57,4,178,121
118557775,Fito Косметик крем Sun Screen 50 SPF для лица 50 мл,Beauty,18,18,0,4.777777777777778,4.777777777777778,0.6451005939934783,1.0,1.0,0.5629701396783973,0.0,9.0,0.875,0.5259402793557427,1.0,0.2546566055263249,0.8131552653244145,0.782608695652174,0.7332836800240304,73.32836800240304,95.55555555555554,399,46,319,-80
118584619,Наушники HYDRA S61 черный,Headphones,30,30,0,4.633333333333334,4.366666666666666,0.7339637062522821,0.9263959390862953,0.8794416243654833,0.7499375147863933,0.18781725888324766,197.0,0.875,0.8998750295709869,1.0,0.5848609613824726,0.8895406320755098,0.8571428571428571,0.836845551509841,83.6845551509841,92.66666666666667,58,6,398,340
118615479,"Fito Косметик крем Солнцезащитный Sunscreen SPF30 с экстрактом камелии для лица, для зоны декольте 50 мл",Beauty,12,12,0,4.666666666666667,4.333333333333333,0.6238991460427884,1.0,1.0,0.3937002205128521,0.0,1.0,0.875,0.1874004410253294,1.0,0.07665927685739374,0.7476909915201422,0.7058823529411765,0.653000973179084,65.3000973179084,93.33333333333333,497,64,379,-118
118620912,Велосипед Phoenix 2024 22 дюйма красный,Sport,29,29,0,4.448275862068965,4.551724137931035,0.8454888078490248,0.9005882352941179,0.9247058823529413,0.8527894462177257,0.12470588235294046,425.0,0.875,1.0,1.0,0.6695965230458332,0.8929528859024,0.8529411764705882,0.8388103157996133,83.88103157996133,88.96551724137932,53,3,455,402
118674757,Велосипед Huber Huber Cross 2.0 2024 19 дюймов черный,Sport,30,30,0,5.0,4.666666666666667,0.7914798592111797,1.0,0.9385964912280741,0.8175394284976398,0.2456140350877032,57.0,0.875,1.0,1.0,0.44906858693083546,0.8877599397323898,0.8571428571428571,0.8349492549089499,83.49492549089499,100.0,67,5,1,-66
118674776,Велосипед Huber Huber Cross 2.0 2024 21 дюйм черный,Sport,29,29,0,4.9655172413793105,4.793103448275862,0.757422286090234,0.8499999999999946,0.6999999999999889,0.5894092567798288,0.6000000000000224,40.0,0.7500000000003101,0.5788185135585,0.8750000000002985,0.41070606239990254,0.7793685986078993,0.8529411764705882,0.7184449602303792,71.84449602303792,99.3103448275862,425,55,129,-296
118826110,Hofmann WM610BWH2/HF белый,HomeAppliances,30,30,0,4.9,4.866666666666666,0.8297815043148741,0.9673076923076922,0.9615384615384613,0.8514892502666658,0.023076923076923495,130.0,0.875,1.0,1.0,0.5391771211300207,0.8996875363661055,0.8571428571428571,0.8476512025759354,84.76512025759354,98.00000000000001,31,5,204,173
118890838,Наушники Realme T110 черный,Headphones,30,30,0,4.433333333333334,4.166666666666667,0.7327002204681842,0.8670212765957447,0.7322695035460974,0.7472289212692208,0.5390070921985887,141.0,0.8253311258279821,0.8944578425366527,0.9131205673760993,0.5480944438944628,0.8484835567698203,0.8571428571428571,0.7931230114284464,79.31230114284465,88.66666666666667,249,28,460,211
118907988,Samsung UE55DU7100UXCE 140 см черный,TVs,30,29,1,4.586206896551724,4.586206896551724,0.8626211597965523,0.7232142857142773,0.7232142857142773,0.8926609021203422,0.0,140.0,0.802419354838923,1.0,1.0,0.5473128437611191,0.7568745459969145,0.8529411764705882,0.6946079955831985,69.46079955831985,91.72413793103449,450,52,414,-36
118908115,Samsung UE65DU7100UXCE 165 см черный,TVs,28,28,0,4.785714285714286,4.607142857142857,0.843488464999698,0.8606194690265417,0.8296460176991094,0.8458614320392289,0.12389380530972967,113.0,0.875,1.0,1.0,0.523804407331976,0.8502198401918454,0.8484848484848485,0.7919925007248981,79.19925007248982,95.71428571428571,251,27,315,64
118908129,Samsung UE65DU8000UXCE 165 см черный,TVs,30,30,0,4.866666666666666,4.866666666666666,0.8871212927604541,0.8419540229884985,0.8419540229884985,0.8624510024576574,0.0,87.0,0.875,1.0,1.0,0.4951753567945196,0.8356695367557752,0.8571428571428571,0.7794770929236219,77.94770929236219,97.33333333333333,297,36,235,-62
118956089,Sugarlife крем Увлажняющий дневной крем с SPF15 для лица 30 мл,Beauty,26,26,0,4.8076923076923075,4.884615384615385,0.6481127678249771,1.0,1.0,0.8068245380363713,0.0,5.0,0.875,1.0,1.0,0.19816135600876397,0.8440228175278458,0.8387096774193549,0.7821711137691088,78.21711137691088,96.15384615384615,292,25,296,4
119022027,Avalon 43A1000 109 см черный,TVs,30,30,0,4.3,4.1,0.7827052177754297,0.7027027027026975,0.6554054054053988,0.7886332535097572,0.18918918918919503,74.0,0.6691176470591845,0.97726650701756,1.0,0.47749673648923247,0.7147393143646436,0.8571428571428571,0.6506959643073933,65.06959643073932,86.0,500,60,494,-6
119070727,Велосипед FNIX 6920 2024 17 дюймов белый,Sport,29,29,0,4.655172413793103,4.689655172413793,0.8325166502852259,0.9230769230769248,0.9269230769230782,0.8526825749494521,0.01538461538461362,130.0,0.875,1.0,1.0,0.5391771211300207,0.884656449600398,0.8529411764705882,0.8300185759451492,83.00185759451492,93.10344827586206,83,6,387,304
119071976,Велосипед Batler 8811 2024 16 дюймов черный,Sport,30,30,0,4.533333333333333,4.633333333333334,0.819984548508085,0.8985148514851502,0.9158415841584171,0.8447424351697235,0.06930693069306736,101.0,0.875,1.0,1.0,0.511503301600483,0.8689040695655735,0.8571428571428571,0.8148692435345414,81.48692435345414,90.66666666666666,154,15,428,274
119128557,Велосипед A-bike BMW TITAN 2024 12.5 дюймов белый,Sport,29,28,1,4.5,4.357142857142857,0.7627291604764652,0.8143939393939381,0.8484848484848506,0.696485629818509,0.8333333333333511,66.0,0.875,0.7929712596354321,0.7291666666673327,0.46502201069294585,0.79964390068457,0.8484848484848485,0.7386771567545531,73.86771567545532,90.0,387,49,434,47
119194958,"HYDRA Home H14 14"" / 12 Гб / SSD 256 Гб / Win 11 / MKII",Laptops,29,29,0,4.862068965517241,4.827586206896552,0.8296265546103653,0.9648437500000003,0.9609375000000007,0.861425509706541,0.015624999999998314,128.0,0.875,1.0,1.0,0.5374756112835961,0.8987737182378686,0.8529411764705882,0.8449786562493007,84.49786562493007,97.24137931034483,36,8,247,211
119231493,Музыкальный инструмент Губная гармошка,Kids,30,29,1,2.8275862068965516,2.7241379310344827,0.5894553746873306,0.4767441860465166,0.44186046511628485,0.6129926674963692,0.5116279069767308,43.0,0.4292452830191032,0.6259853349914865,0.9302325581397177,0.4185160799371258,0.48725910988891796,0.8529411764705882,0.4088963130337378,40.88963130337378,56.55172413793104,661,67,663,2
119232112,Крымская Живая Косметика крем Крем бустер Азелаиновая кислота 10% для лица 75 мл,Beauty,1,1,0,5.0,5.0,0.8847797210250854,1.0,1.0,0.8847797210250854,0.0,0.0,0.875,1.0,1.0,0.0,0.8125366885156105,0.16666666666666666,0.5495526962680757,54.95526962680757,100.0,581,93,1,-580
119247821,Samsung UE50DU7100UXCE 127 см черный,TVs,29,29,0,4.551724137931035,4.758620689655173,0.7822194436267481,0.8281249999999938,0.921874999999998,0.7516259639135753,0.3750000000000168,80.0,0.875,0.9032519278253441,1.0,0.486008316605481,0.823079637956723,0.8529411764705882,0.7647655818484073,76.47655818484073,91.0344827586207,336,40,424,88
119247827,Samsung UE75DU7100UXCE 191 см черный,TVs,25,25,0,4.96,4.84,0.8713251144896185,0.9897959183673477,0.9591836734693908,0.8611536942902357,0.1224489795918274,49.0,0.875,1.0,1.0,0.432653934195256,0.8838108128391804,0.8333333333333334,0.8215564206007098,82.15564206007097,99.2,120,15,152,32
119247840,Samsung UE75DU8500UXCE 191 см черный,TVs,28,28,0,5.0,5.0,0.853556874184345,1.0,1.0,0.8396460818877607,0.0,32.0,0.875,1.0,1.0,0.38669960537370857,0.8764725954653572,0.8484848484848485,0.8196672150497843,81.96672150497844,100.0,130,16,1,-129
119296437,Isispharma крем Тиндерм AZ - с 15% азелаиновой кислотой от акне для лица 30 мл,Beauty,9,9,0,4.666666666666667,4.0,0.6485121089509427,0.5,0.3333333333333333,0.6461314564971424,0.6666666666666666,3.0,0.31249999999962497,0.6922629129929004,0.83333333333375,0.15331855371478748,0.46847479607595643,0.6428571428571429,0.4163327876638433,41.63327876638433,93.33333333333333,657,114,379,-278
119401105,"Liman N95 15.6"" / 16 Гб / SSD 512 Гб / Win 11 Pro / Z14202401662191NYM",Laptops,30,30,0,4.933333333333334,4.9,0.8676802044082985,0.9894957983193275,0.9842436974789913,0.8779110625988596,0.021008403361344803,238.0,0.875,1.0,1.0,0.605674736046389,0.9164330841963395,0.8571428571428571,0.865483887460113,86.5483887460113,98.66666666666667,6,2,167,161
119492193,Наушники GERLAX GH-34 черный,Headphones,29,28,1,3.75,4.035714285714286,0.7360830915236203,0.613461538461536,0.671153846153844,0.7551572618722213,0.27692307692307877,130.0,0.6951754385968618,0.9103145237426221,1.0,0.5391771211300207,0.660914102239248,0.8484848484848485,0.592433172063275,59.24331720632749,75.0,543,54,583,40
119496808,"HYDRA Home H14 14"" / 12 Гб / SSD 256 Гб / Win 11 / MKII",Laptops,29,29,0,4.9655172413793105,4.931034482758621,0.7926094578845307,0.9937500000000005,0.9906250000000006,0.8358676765748654,0.06249999999999534,80.0,0.875,1.0,1.0,0.486008316605481,0.8940718525390654,0.8529411764705882,0.8399960855948944,83.99960855948943,99.3103448275862,51,14,129,78
119593476,Велосипед MACOGE Велосипед складной универсальный Macoge Badao-20 2024 11 дюймов белый,Sport,30,30,0,4.833333333333333,4.866666666666666,0.8516760898979768,0.9747899159663883,0.9789915966386566,0.868910315549206,0.05042016806722183,119.0,0.875,1.0,1.0,0.5294772383924826,0.8994881966817675,0.8571428571428571,0.8474389215677682,84.74389215677682,96.66666666666666,32,1,278,246
119595504,Велосипед MACOGE Велосипед взрослый Macoge 26-C200 2024 17 дюймов черный,Sport,27,27,0,4.481481481481482,4.555555555555555,0.8134360364282561,0.8285714285714351,0.8714285714285782,0.8407323649788238,0.34285714285713526,35.0,0.875,1.0,1.0,0.39632271201752794,0.8156992708927191,0.84375,0.7541758016790946,75.41758016790946,89.62962962962963,357,43,446,89
119595586,"Fito Косметик стик Sun Screen SPF50 для лица, для области вокруг глаз, для зоны декольте 4.5 г",Beauty,1,1,0,5.0,5.0,0.5879674628827425,1.0,1.0,0.5879674628827425,0.0,0.0,0.875,0.5759349257643331,1.0,0.0,0.786604199512455,0.16666666666666666,0.544182908553276,54.418290855327605,100.0,595,104,1,-594
119660725,Xiaomi A 2025 L32M8-A2RU 81 см черный,TVs,30,30,0,2.8,2.8666666666666667,0.7965084459510885,0.5362068965517256,0.536206896551725,0.8216812257027615,0.1655172413793094,435.0,0.54743975903598,1.0,1.0,0.6721626696897344,0.5912235375892724,0.8571428571428571,0.5191614246321484,51.91614246321484,55.99999999999999,611,75,667,56
119727687,Велосипед PEGAS PEGAS-LK20 2026 13 дюймов черный-желтый,Sport,30,30,0,4.366666666666666,4.366666666666666,0.8386025076845856,0.7558823529411685,0.7558823529411685,0.8330463276198403,0.0,85.0,0.875,1.0,1.0,0.4926328089896196,0.781010993387418,0.8571428571428571,0.7212700644048989,72.1270064404899,87.33333333333333,417,53,478,61
119728605,"Диван RIM, 230х92 см, обивка микровелюр, бежевый",Furniture,29,27,2,4.222222222222222,4.333333333333333,0.822070705197576,0.7091836734693779,0.7193877551020306,0.8343040185946852,0.12244897959183207,49.0,0.7931818181820497,1.0,1.0,0.432653934195256,0.7373069699651819,0.84375,0.6719985973265926,67.19985973265926,84.44444444444444,476,32,508,32
119805964,Наушники ELEVE11 Air pro 2 белый,Headphones,27,27,0,4.888888888888889,4.814814814814815,0.7393620901770364,0.9743589743589746,0.9615384615384619,0.7551732428289989,0.15384615384615236,39.0,0.875,0.9103464856561772,1.0,0.40797515924111233,0.8742000769719462,0.84375,0.8155011185670702,81.55011185670702,97.77777777777779,149,15,223,74
119930308,Haier HW50-BP1026 белый,HomeAppliances,20,20,0,4.95,4.85,0.7781976400951309,0.9920634920634922,0.9761904761904759,0.766804638987264,0.06349206349206465,126.0,0.875,0.9336092779726609,1.0,0.5357475142722955,0.9012829415950631,0.8,0.8260601708421791,82.60601708421791,99.0,94,14,164,70
119956574,Велосипед TC-7 2024 19 дюймов черный,Sport,14,14,0,4.785714285714286,4.714285714285714,0.8655023213816871,0.9166666666666666,0.9166666666666666,0.815925858620113,0.0,6.0,0.875,1.0,1.0,0.2152097982069809,0.8292985269785745,0.7368421052631579,0.7344198435518678,73.44198435518679,95.71428571428571,396,51,315,-81
119956621,Велосипед TC-7 2024 21 дюйм черный,Sport,24,24,0,4.916666666666667,4.875,0.8381232692448929,0.9615384615384627,0.932692307692306,0.8023792033805726,0.11538461538462641,26.0,0.875,1.0,1.0,0.36450623745411076,0.8667486825574923,0.8275862068965517,0.8017955154644532,80.17955154644531,98.33333333333334,217,22,199,-18
119988211,LG 65UT80006LA 165 см черный,TVs,30,30,0,5.0,5.0,0.8638295244313751,1.0,1.0,0.8401138845516225,0.0,178.0,0.875,1.0,1.0,0.573703905619032,0.9111601156554756,0.8571428571428571,0.859868592735408,85.9868592735408,100.0,10,4,1,-9
120062848,"Бескаркасный диван PRESTIGE MEBEL Престиж, 140х80 см, обивка ткань, серый",Furniture,30,30,0,4.766666666666667,4.766666666666667,0.8656351901509806,0.9489999999999991,0.9489999999999991,0.8871915618422246,0.0,250.0,0.875,1.0,1.0,0.6110927642830847,0.907402554092506,0.8571428571428571,0.8558670866655764,85.58670866655764,95.33333333333334,16,1,331,315
120117954,Невская косметика крем Морковный для лица 40 мл,Beauty,26,26,0,5.0,4.730769230769231,0.770262223243734,1.0,1.0,0.9135688945375083,0.0,6.0,0.875,1.0,1.0,0.2152097982069809,0.8468554672820275,0.8387096774193549,0.7851227898647855,78.51227898647855,100.0,277,21,1,-276
120144863,"Диван Shabyt Честер, 350х93 см, обивка велюр, бежевый",Furniture,5,5,0,4.8,4.8,0.8063217152965629,0.95,0.95,0.8098696689460393,0.0,5.0,0.875,1.0,1.0,0.19816135600876397,0.8358516346969049,0.5,0.6631414241555269,66.3141424155527,96.0,485,33,300,-185
120147252,Xiaomi A Pro 2025 L55MA-SRU 140 см черный,TVs,30,30,0,3.3666666666666667,3.3666666666666667,0.8064058927586121,0.5725138121546955,0.5725138121546955,0.8543295576288586,0.0,362.0,0.5843147751603376,1.0,1.0,0.6518971315960469,0.6216375943003379,0.8571428571428571,0.5515499911261454,55.15499911261455,67.33333333333333,578,71,626,48
120156060,Пирамидка пирамида,Kids,20,20,0,4.7,4.4,0.6990471582420839,0.9207317073170715,0.8475609756097551,0.7031353871184987,0.2926829268292655,41.0,0.875,0.8062707742353848,1.0,0.4133711542157449,0.8523972672501793,0.8,0.7774714168365152,77.74714168365152,94.0,305,38,370,65
120352268,"Диван AAA, 350х130 см, обивка велюр, серый",Furniture,29,29,0,4.379310344827586,4.482758620689655,0.7383636663835259,0.7067901234567834,0.8425925925925919,0.6292605074771656,0.6419753086420003,81.0,0.875,0.6585210149530141,0.8487654320991279,0.4873653392572963,0.7256823270687391,0.8529411764705882,0.6615535774791461,66.1553577479146,87.58620689655172,487,34,476,-11
120352284,"Диван A BLVD Еврокнижка, 220х80 см, обивка велюр, серый",Furniture,29,29,0,3.0689655172413794,3.103448275862069,0.7914926359106886,0.43928571428571017,0.44523809523809116,0.8197071931004786,0.023809523809524277,210.0,0.432617187500217,1.0,1.0,0.5918938803505024,0.5039735066572315,0.8529411764705882,0.4266085719919425,42.660857199194254,61.37931034482759,650,64,649,-1
120393130,LG 55UT80006LA 140 см черный,TVs,30,30,0,4.866666666666666,4.9,0.8782735969647041,0.943840579710144,0.9528985507246369,0.8724918568503576,0.0362318840579722,138.0,0.875,1.0,1.0,0.5457328746253829,0.8939408714981874,0.8571428571428571,0.8415314587035051,84.15314587035051,97.33333333333333,47,10,235,188
120632833,"Диван Atyrau Divan PIM, 300х70 см, обивка микровелюр, коричневый",Furniture,27,27,0,4.074074074074074,4.111111111111111,0.689242396371169,0.7363636363636388,0.7454545454545474,0.6909646685260616,0.1090909090909039,55.0,0.8616071428572002,0.7819293370505594,1.0,0.4451876287791622,0.7526922827035158,0.84375,0.6881267371307033,68.81267371307032,81.4814814814815,458,29,534,76
120724113,Наушники HYDRA Home Minor черный,Headphones,27,26,1,4.769230769230769,4.653846153846154,0.759595189250627,0.9247572815533959,0.8786407766990261,0.7756689155549231,0.22330097087378709,103.0,0.875,0.9513378311079437,1.0,0.5136508634192553,0.879982720714604,0.8387096774193549,0.8196420317611783,81.96420317611783,95.38461538461537,131,13,325,194
120724130,Наушники HYDRA Home Minor бежевый,Headphones,29,29,0,4.655172413793103,4.310344827586207,0.697450956587153,0.9583333333333354,0.8620689655172437,0.7323680778854911,0.4310344827586145,174.0,0.875,0.8647361557692528,0.9806034482759144,0.5712044555448432,0.8958398764994568,0.8529411764705882,0.8418696619294068,84.18696619294069,93.10344827586206,46,5,387,341
120849941,"Диван Элегант-Романов, 230х140 см, обивка микровелюр, серый",Furniture,30,29,1,3.310344827586207,3.3793103448275863,0.7766294095584657,0.5634615384615371,0.5769230769230754,0.7954931944240463,0.05384615384615296,130.0,0.588235294117376,0.9909863888461107,1.0,0.5391771211300207,0.6106908950214107,0.8529411764705882,0.5396970695459204,53.96970695459205,66.20689655172414,599,46,630,31
120936355,"Acer Aspire 3 15.6"" / 16 Гб / SSD 512 Гб / Win 11 Pro / A315-59-52X6 / NX.K6TER.001W",Laptops,28,28,0,4.928571428571429,4.857142857142857,0.806091015594979,0.9811320754716989,0.962264150943396,0.803217766770583,0.07547169811321139,53.0,0.875,1.0,1.0,0.44116551431150447,0.8842057591216532,0.8484848484848485,0.8278192392006178,82.78192392006179,98.57142857142858,89,23,185,96
120948234,Midea MFK03W70B/S-C серый,HomeAppliances,29,29,0,4.9655172413793105,4.9655172413793105,0.7896400285461369,0.9913793103448282,0.9913793103448282,0.7782543612574945,0.0,58.0,0.875,0.956508722513076,1.0,0.45095916217425236,0.886440824419639,0.8529411764705882,0.8319094792972109,83.19094792972109,99.3103448275862,78,12,129,51
121198942,Наушники Samsung Galaxy Buds3 Pro белый,Headphones,30,30,0,4.633333333333334,4.566666666666666,0.7797701938000909,0.9180790960451983,0.892655367231639,0.8015076842513587,0.15819209039547835,177.0,0.875,1.0,1.0,0.5730843187965271,0.8879143485058254,0.8571428571428571,0.8351136880483101,83.51136880483101,92.66666666666667,65,7,398,333
121198974,Наушники Samsung Galaxy Buds3 Pro серебристый,Headphones,30,30,0,3.8333333333333335,3.8333333333333335,0.8439511303742016,0.7239130434782624,0.7239130434782624,0.8563742184099427,0.0,345.0,0.8041338582679503,1.0,1.0,0.646592500491592,0.7644780791432627,0.8571428571428571,0.7036638174835025,70.36638174835025,76.66666666666667,439,47,569,130
121212393,"Siberian Wellness крем Косметика с комплексом ENDEMIX для лица, для зоны декольте 50 мл",Beauty,4,4,0,5.0,4.5,0.8174569044814672,1.0,0.875,0.8174569044814672,0.5,0.0,0.875,1.0,0.9375000000001563,0.0,0.8120884816049561,0.4444444444444444,0.631893031934316,63.189303193431606,100.0,514,70,1,-513
121225833,Яндекс Про QLED YNDX-00101 140 см черный,TVs,28,28,0,4.892857142857143,4.928571428571429,0.8653597163880676,0.9873595505617977,0.9915730337078652,0.8999747212724656,0.01685393258426971,178.0,0.875,1.0,1.0,0.573703905619032,0.9099708308237024,0.8484848484848485,0.854979854971636,85.4979854971636,97.85714285714286,18,6,216,198
121433042,"ASUS VivoBook 15 X1504ZA-BQ1364W 15.6"" / 16 Гб / SSD 512 Гб / Win 11 / 90NB1021-M02090",Laptops,29,29,0,5.0,4.9655172413793105,0.8382948523324419,1.0,0.9907407407407408,0.7958837104827754,0.03703703703703653,27.0,0.875,0.9917674209635673,1.0,0.36852835192176836,0.8731411097086971,0.8529411764705882,0.8178157615103371,81.7815761510337,100.0,136,31,1,-135
121465369,"Noreva крем-концентрат Sensidiane int ap+ для чувствительной кожи от хронических покраснений 30мл для лица, для зоны декольте 30 мл",Beauty,15,15,0,5.0,5.0,0.8113030075318269,1.0,1.0,0.8024888110336874,0.0,12.0,0.875,1.0,1.0,0.28367303284707407,0.8584327616314542,0.75,0.7657533622001168,76.57533622001168,100.0,333,33,1,-332
121656421,Midea MFN03W80B/W-KZ белый,HomeAppliances,30,30,0,4.8,4.733333333333333,0.7898341171635828,0.9519230769230761,0.9375,0.7726560496384194,0.17307692307692749,52.0,0.875,0.9453120992749482,1.0,0.4390982399434889,0.8762304544102855,0.8571428571428571,0.8226712643224238,82.26712643224238,96.0,113,18,300,187
121661162,Наушники HYDRA Buds C38 бежевый,Headphones,30,30,0,4.866666666666666,4.633333333333334,0.7617698397142116,0.9679487179487185,0.9294871794871808,0.7749748125896196,0.25641025641025145,39.0,0.875,0.9499496251773395,1.0,0.40797515924111233,0.8747142209979205,0.8571428571428571,0.8210565955801599,82.10565955801599,97.33333333333333,121,11,235,114
121695424,Isntree гель ISNTREE ALOE SOOTHING GEL FRESH для лица 300 мл,Beauty,3,3,0,5.0,4.333333333333333,0.596355048047729,1.0,0.75,0.5786345650364448,1.0,2.0,0.875,0.5572691300717751,0.6250000000009375,0.12150207915137025,0.79298955749477,0.375,0.6023865011762589,60.23865011762589,100.0,538,79,1,-537
121698074,"Бескаркасный диван PRESTIGE MEBEL Foam, 200х90 см, обивка велюр, серый",Furniture,30,30,0,4.533333333333333,4.566666666666666,0.8427899232417595,0.7712418300653568,0.7761437908496706,0.8555804447280035,0.01960784313725481,153.0,0.875,1.0,1.0,0.557066601286713,0.7969022331742566,0.8571428571428571,0.738192978746701,73.8192978746701,90.66666666666666,388,26,428,40
121806358,Xiaomi A 2025 L55MA-ARU 140 см черный,TVs,30,30,0,3.7,3.6666666666666665,0.8062959201444281,0.6256218905472621,0.6218905472636801,0.8238986915209723,0.014925373134328276,201.0,0.622909698996324,1.0,1.0,0.5870729542887417,0.6616787350094127,0.8571428571428571,0.5941906411608222,59.41906411608222,74.0,542,68,590,48
121895857,"Acer Gadget E10 ETBook 14"" / 16 Гб / SSD 512 Гб / Win 11 Home / 0167563995",Laptops,28,28,0,4.535714285714286,4.571428571428571,0.8131499872522754,0.8287037037036995,0.8379629629629588,0.827335311266648,0.03703703703703652,108.0,0.875,1.0,1.0,0.518844115974947,0.8304349360356804,0.8484848484848485,0.7711359633914789,77.11359633914789,90.71428571428571,323,57,427,104
121987438,Наушники NOTHING CMF Buds Pro 2 черный,Headphones,29,29,0,4.862068965517241,4.827586206896552,0.735810296984287,0.9677419354838729,0.8951612903225749,0.7416910778523583,0.4838709677419545,31.0,0.875,0.88338215570295,0.9475806451614095,0.3832963842869687,0.8666277117801806,0.8529411764705882,0.8109135087753521,81.0913508775352,97.24137931034483,172,18,247,75
122426069,Nubia Neo 2 5G 8 ГБ/256 ГБ серый + подарок,Smartphones,27,27,0,4.851851851851852,4.925925925925926,0.8959968479828746,0.8888888888888914,0.9444444444444456,0.8760085961380559,0.22222222222221763,18.0,0.875,1.0,1.0,0.325643051323212,0.8361277430863592,0.84375,0.7755905925986513,77.55905925986512,97.03703703703704,313,24,266,-47
122548131,Doffler 50KUS86 127 см черный,TVs,8,8,0,5.0,4.625,0.7002523120551085,1.0,1.0,0.5453055918792813,0.0,1.0,0.875,0.4906111837575814,1.0,0.07665927685739374,0.7868231506021937,0.6153846153846154,0.6633042940668592,66.33042940668592,100.0,483,57,1,-482
122752754,"HYDRA Home H14 14"" / 12 Гб / SSD 256 Гб / Win 11 / H14",Laptops,30,30,0,4.8,4.766666666666667,0.8067010677340776,0.9391891891891879,0.9054054054053997,0.8062508091323808,0.18918918918920546,37.0,0.875,1.0,1.0,0.40230232818060574,0.8673843440907908,0.8571428571428571,0.8132508560218125,81.32508560218125,96.0,162,36,300,138
122821673,Фонарик Мир зверей,Kids,29,28,1,4.714285714285714,4.75,0.766458314988623,0.8823529411764702,0.8897058823529405,0.7400704897584711,0.08823529411764319,34.0,0.875,0.880140979515182,1.0,0.393207126875912,0.8389351510899755,0.8484848484848485,0.7800965856529092,78.00965856529092,94.28571428571428,295,35,365,70
123212887,Atom крем Косметика пигментации Whitening Freckle Removing для лица 50 г,Beauty,3,3,0,5.0,5.0,0.8240614948913896,1.0,1.0,0.8240614948913896,0.0,0.0,0.875,1.0,1.0,0.0,0.8125366885156105,0.375,0.6114935666031704,61.14935666031704,100.0,531,75,1,-530
123229667,Наушники Xiaomi Redmi Buds 6 Lite белый,Headphones,30,29,1,2.8275862068965516,2.896551724137931,0.6885731482048764,0.3428571428571391,0.3642857142857091,0.7060981927852666,0.25714285714283935,70.0,0.3602941176467009,0.8121963855689089,1.0,0.4714351670370691,0.4120156567909896,0.8529411764705882,0.32916076860137317,32.916076860137316,56.55172413793104,674,68,663,-11
123229673,Наушники Xiaomi Redmi Buds 6 Play белый,Headphones,30,29,1,3.1724137931034484,3.3448275862068964,0.751289189150503,0.5000000000000008,0.5887096774193575,0.7628561143829752,0.35483870967742703,124.0,0.5982142857139979,0.925712228764099,1.0,0.5339919860067934,0.5675897176477863,0.8529411764705882,0.494022719126502,49.4022719126502,63.44827586206897,626,58,639,13
123229678,Наушники Xiaomi Redmi Buds 6 Play черный,Headphones,30,30,0,3.1333333333333333,3.1,0.7386067171142471,0.6697530864197563,0.6496913580246942,0.7896487194869085,0.27777777777777257,162.0,0.6602422907492702,0.9792974389718585,1.0,0.5633481861249243,0.69679410119985,0.8571428571428571,0.6315857306625208,63.15857306625208,62.66666666666667,515,50,644,129
123429834,Samsung Galaxy A06 6 ГБ/128 ГБ черный,Smartphones,26,26,0,3.4615384615384617,3.423076923076923,0.8519415304129917,0.42857142857142233,0.4234693877550959,0.8625751787923045,0.020408163265305465,196.0,0.4121093750002637,1.0,1.0,0.5843009806491081,0.49324991988352646,0.8387096774193549,0.41665893724270275,41.665893724270276,69.23076923076923,656,65,616,-40
123621889,Midea MFK03D105B/S-C серый,HomeAppliances,30,29,1,4.586206896551724,4.551724137931035,0.7940764615050442,0.8530042918454919,0.8476394849785389,0.7863130848232273,0.021459227467811582,233.0,0.875,0.9726261696445093,1.0,0.6033364680072083,0.8548222824819082,0.8529411764705882,0.7984032863759303,79.84032863759303,91.72413793103449,227,35,414,187
123626029,Nubia Focus 5G 6 ГБ/256 ГБ черный + подарок,Smartphones,13,13,0,4.923076923076923,4.615384615384615,0.8443022203351477,0.9897260273972603,0.9075342465753434,0.8532958357902591,0.3287671232876685,73.0,0.875,1.0,1.0,0.4760122046888251,0.8917868804987558,0.7222222222222222,0.7858391129355351,78.58391129355351,98.46153846153847,275,20,193,-82
123713453,Apple iPhone 16 128Gb NanoSIM+eSIM черный,Smartphones,30,30,0,2.4,2.4,0.865420266869157,0.42657103825136666,0.4224726775956289,0.8822945360266838,0.08196721311475344,732.0,0.4112356621483423,1.0,1.0,0.7296176526620912,0.49837959427542144,0.8571428571428571,0.42028996331566193,42.02899633156619,48.0,654,64,679,25
123727182,Apple iPhone 16 128Gb NanoSIM+eSIM фиолетовый,Smartphones,30,30,0,4.6,4.6,0.8334878712446181,0.9015873015873022,0.9015873015873022,0.8770447375302571,0.0,315.0,0.875,1.0,1.0,0.6365618273376047,0.8889597589131587,0.8571428571428571,0.836226967503698,83.6226967503698,92.0,62,8,409,347
123727574,Apple iPhone 16 128Gb NanoSIM+eSIM зеленый,Smartphones,27,27,0,4.7407407407407405,4.7407407407407405,0.8921048435234858,0.923913043478262,0.923913043478262,0.8645455978829276,0.0,161.0,0.875,1.0,1.0,0.5626675934628746,0.8888885688601508,0.84375,0.8308987939158624,83.08987939158624,94.81481481481481,80,9,349,269
123728177,Apple iPhone 16 256Gb NanoSIM+eSIM черный,Smartphones,30,30,0,3.2,3.2333333333333334,0.8367461138285619,0.4351669941060896,0.43172888015717026,0.8154196598878332,0.22593320235756564,509.0,0.4195601851854373,1.0,1.0,0.6895006302694141,0.5032884830885624,0.8571428571428571,0.4255175419069193,42.55175419069193,64.0,651,63,638,-13
123890626,Наушники Air pro 2 черный,Headphones,29,29,0,3.3793103448275863,3.1724137931034484,0.7280317208470104,0.48263888888887574,0.3854166666666492,0.7085853601288289,0.3888888888889061,72.0,0.3821428571431681,0.8171707202560234,1.0,0.47450747455787834,0.5010155910779039,0.8529411764705882,0.42347406660453424,42.34740666045342,67.58620689655173,653,64,622,-31
123896549,Интерактивная игрушка Интерактивная игрушка,Kids,25,25,0,4.92,4.88,0.7004072328528882,0.9871794871794877,0.9807692307692315,0.7140820963325925,0.07692307692307397,39.0,0.875,0.8281641926635286,1.0,0.40797515924111233,0.8702596265070519,0.8333333333333334,0.8075263377424138,80.75263377424137,98.4,194,23,196,2
123927927,"Jomtam сыворотка Увлажняющая сыворотка для лица с пептидами JomTam Gegemoon для сухой кожи лиц и глаз, для лица 60 мл",Beauty,23,23,0,4.869565217391305,4.695652173913044,0.6728976142968149,0.9827586206896558,0.9224137931034447,0.6936050904732997,0.241379310344844,29.0,0.875,0.7872101809450249,1.0,0.37615868467769514,0.8604956672042674,0.8214285714285714,0.7931685029627513,79.31685029627513,97.3913043478261,248,17,233,-15
124333372,Наушники Apple AirPods 4 белый,Headphones,28,28,0,2.142857142857143,2.357142857142857,0.8167723441797808,0.26835443037974643,0.2987341772151896,0.8554460530508732,0.1215189873417724,395.0,0.24735169491492387,1.0,1.0,0.6615202382398663,0.3832081075955209,0.8484848484848485,0.2996854589945484,29.968545899454842,42.857142857142854,677,70,684,7
124333921,Наушники Apple AirPods 4 Active Noise Cancellation белый,Headphones,30,30,0,3.433333333333333,3.466666666666667,0.8328513765508846,0.48970588235293866,0.49705882352940933,0.8587147315581174,0.02941176470588281,340.0,0.49563953488373463,1.0,1.0,0.6449826327861644,0.5498297488062363,0.8571428571428571,0.4750803113109502,47.50803113109502,68.66666666666667,638,61,617,-21
124443029,"Диван тахта, 190х140 см, обивка велюр, голубой",Furniture,30,30,0,3.933333333333333,3.8666666666666667,0.7398787096953356,0.6924778761061909,0.6814159292035362,0.7712792269569179,0.044247787610618095,113.0,0.7135416666670278,0.9425584539119507,1.0,0.523804407331976,0.7185214278247216,0.8571428571428571,0.6547236162070825,65.47236162070826,78.66666666666666,496,37,553,57
124495413,Avalon 50D7000 127 см черный,TVs,10,10,0,4.4,4.6,0.8510906604527968,0.8,0.8,0.877070578569954,0.0,5.0,0.875,1.0,1.0,0.19816135600876397,0.7757306059549057,0.6666666666666666,0.6677253426698669,66.7725342669867,88.00000000000001,481,56,469,-12
124495639,TCL 55C765 140 см черный,TVs,30,30,0,4.966666666666667,4.7,0.7937491716246873,0.9903846153846153,0.9230769230769219,0.8019356965064606,0.26923076923077377,104.0,0.875,1.0,1.0,0.5147092060272822,0.8991008260871581,0.8571428571428571,0.8470264025019786,84.70264025019786,99.33333333333334,34,8,121,87
128143528,Samsung Galaxy S24 FE 5G 8 ГБ/128 ГБ черный,Smartphones,30,29,1,4.241379310344827,4.0344827586206895,0.8329892109190113,0.708984374999995,0.6816406249999972,0.8678100980344381,0.10937499999999112,128.0,0.7139570552150863,1.0,1.0,0.5374756112835961,0.7327113899222623,0.8529411764705882,0.6690022807270624,66.90022807270624,84.82758620689654,480,45,502,22
128181358,Интерактивная игрушка Забавная Собачка,Kids,29,29,0,4.172413793103448,4.172413793103448,0.7172705051504951,0.8430232558139558,0.8449612403100797,0.7387164829735897,0.10077519379845039,129.0,0.875,0.8774329659454246,1.0,0.5383296383733989,0.836742211991208,0.8529411764705882,0.7792438219362101,77.92438219362101,83.44827586206897,300,37,521,221
128305735,ORJENA эмульсия Power Collagen Emulsion для лица 100 мл,Beauty,12,12,0,5.0,5.0,0.7986425072188145,1.0,1.0,0.7306330627556598,0.0,3.0,0.875,0.861266125509597,1.0,0.15331855371478748,0.8320376072163109,0.7058823529411765,0.7269724264944432,72.69724264944432,100.0,409,50,1,-408
128561705,Midea MF200D80WBS/W-RU белый,HomeAppliances,29,29,0,4.896551724137931,4.827586206896552,0.7486667278069492,0.9687499999999982,0.9513888888888872,0.738567807706042,0.06944444444444457,72.0,0.875,0.8771356154103298,1.0,0.47450747455787834,0.8827254832039803,0.8529411764705882,0.8279723293873444,82.79723293873444,97.93103448275862,88,13,211,123
129004514,"Диван Xan mebel Шанхай, 190х55 см, обивка ткань, коричневый",Furniture,28,28,0,4.75,4.785714285714286,0.7822256891574879,0.9193548387096805,0.9193548387096805,0.7796882989647693,0.0,31.0,0.875,0.95937659792762,1.0,0.3832963842869687,0.856585388647398,0.8484848484848485,0.7987028339144352,79.87028339144352,95.0,226,18,343,117
129033898,ZTE Nubia Focus 5G 6 ГБ/256 ГБ черный + подарок,Smartphones,20,20,0,5.0,5.0,0.8319016815746949,1.0,1.0,0.8035149498912113,0.0,73.0,0.875,1.0,1.0,0.4760122046888251,0.89272272687457,0.8,0.8175519488965155,81.75519488965155,100.0,138,14,1,-137
129065160,Наушники Xiaomi Redmi Buds 6 Play розовый,Headphones,30,30,0,4.166666666666667,4.1,0.7594853277097406,0.7696629213483123,0.7499999999999969,0.7775807641376207,0.07865168539326119,89.0,0.8749999999999907,0.9551615282733311,1.0,0.4976607638290653,0.7893225379962736,0.8571428571428571,0.7301212024753361,73.0121202475336,83.33333333333334,403,44,523,120
129197758,"Диван Magnet Mebel Комфорт, 220х105 см, обивка шенилл, бежевый",Furniture,28,28,0,5.0,4.964285714285714,0.8280200251780004,1.0,0.9950000000000004,0.8384009929189111,0.019999999999998207,100.0,0.875,1.0,1.0,0.5104136774313479,0.8991357437380143,0.8484848484848485,0.8435578942418899,84.35578942418898,100.0,42,3,1,-41
129285524,Midea MF200D80WBS/S-RU серый,HomeAppliances,28,28,0,5.0,4.964285714285714,0.8289679215496165,1.0,0.995689655172414,0.8086796935206442,0.017241379310343825,58.0,0.875,1.0,1.0,0.45095916217425236,0.8881064559095844,0.8484848484848485,0.8319312140447559,83.19312140447559,100.0,77,11,1,-76
129287342,"Бескаркасный диван Mery, 200х220 см, обивка велюр, синий",Furniture,28,28,0,4.357142857142857,4.392857142857143,0.7450730412133432,0.8925781250000018,0.8925781250000004,0.7525362497788334,0.09374999999999546,128.0,0.875,0.9050724995558567,1.0,0.5374756112835961,0.8664055302588964,0.8484848484848485,0.809054875477187,80.9054875477187,87.14285714285714,186,14,482,296
129288018,"Бескаркасный диван Mery, 220х200 см, обивка велюр, бежевый",Furniture,29,29,0,4.758620689655173,4.655172413793103,0.7891187070231982,0.9400000000000006,0.9039999999999984,0.7996661061368642,0.17600000000000493,125.0,0.875,0.9993322122717297,1.0,0.5348732333671151,0.8906556845690607,0.8529411764705882,0.836375969800817,83.6375969800817,95.17241379310344,61,5,336,275
129297793,"Диван Xan mebel Шанхай, 190х55 см, обивка велюр, зеленый",Furniture,29,29,0,4.793103448275862,4.689655172413793,0.7786100816912904,0.8701923076923036,0.8413461538461493,0.7923533215302436,0.11538461538461675,52.0,0.875,0.9847066430585178,1.0,0.4390982399434889,0.8437373000302694,0.8529411764705882,0.7866565220474206,78.66565220474206,95.86206896551724,273,19,308,35
129349073,"Диван Xan mebel Шанхай, 190х55 см, обивка ткань, темно-серый",Furniture,30,30,0,4.766666666666667,4.633333333333334,0.7249240702239359,0.9207317073170732,0.8810975609756069,0.6863597785250056,0.25609756097561376,82.0,0.875,0.7727195570484658,1.0,0.48870591274442593,0.8602110272635011,0.8571428571428571,0.8056118405741083,80.56118405741083,95.33333333333334,203,16,331,128
129698209,"Диван DIEGO MX995, 190х85 см, обивка экокожа (искусственная кожа), черный",Furniture,26,26,0,4.6923076923076925,4.615384615384615,0.765225350032553,0.78125,0.8125,0.7464776158934392,0.125,16.0,0.875,0.8929552317850925,1.0,0.313341945591719,0.7751099676293566,0.8387096774193549,0.7103625848713739,71.03625848713739,93.84615384615384,434,27,374,-60
129706507,"Диван DIEGO MX995, 190х85 см, обивка экокожа (искусственная кожа), бежевый",Furniture,28,28,0,4.857142857142857,4.821428571428571,0.8049810448652451,0.9791666666666681,0.9791666666666681,0.841584448327931,0.04166666666666375,48.0,0.875,1.0,1.0,0.4304195964139618,0.8819363582819185,0.8484848484848485,0.8254269181175928,82.54269181175928,97.14285714285712,96,8,256,160
129707372,"Диван DIEGO MX997, 190х85 см, обивка экокожа (искусственная кожа), черный",Furniture,1,1,0,5.0,5.0,0.96159751514632,1.0,1.0,0.9615975151463199,0.0,2.0,0.875,1.0,1.0,0.12150207915137025,0.8315303803021112,0.16666666666666666,0.5534856813664762,55.34856813664762,100.0,575,43,1,-574
129734060,"Диван Sapa divan прямой, 300х88 см, обивка велюр, синий",Furniture,28,28,0,4.607142857142857,4.642857142857143,0.8301938139473403,0.8374999999999937,0.8374999999999937,0.8303641066702452,0.09999999999999813,40.0,0.875,1.0,1.0,0.41070606239990254,0.822530699242722,0.8484848484848485,0.7628036000672342,76.28036000672343,92.14285714285714,342,22,405,63
129768223,Наушники Union i9S-TWS белый,Headphones,30,30,0,3.2666666666666666,3.2666666666666666,0.7309707494968714,0.5175233644859798,0.5116822429906527,0.6880639088966298,0.20093457943925047,214.0,0.5167410714285054,0.7761278177917075,1.0,0.5939708608011569,0.5547283755686665,0.8571428571428571,0.4802969616293052,48.02969616293052,65.33333333333333,636,60,635,-1
129771551,Haier HW70-BP12919S серый,HomeAppliances,30,30,0,4.833333333333333,4.633333333333334,0.8030500873579273,0.9062499999999981,0.8843749999999998,0.8554493955984863,0.08749999999999306,80.0,0.875,1.0,1.0,0.486008316605481,0.8686239067877216,0.8571428571428571,0.8145708923199763,81.45708923199763,96.66666666666666,158,29,278,120
129957004,Наушники Marshall Major V коричневый,Headphones,29,29,0,4.793103448275862,4.793103448275862,0.844926095871306,0.8695652173913003,0.8695652173913003,0.8641905975407673,0.0,115.0,0.875,1.0,1.0,0.5257278637882292,0.8555921554839805,0.8529411764705882,0.7992191213813242,79.92191213813243,95.86206896551724,224,25,308,84
130120117,Набор Набор KUROMI косметика для девочек,Kids,27,27,0,5.0,5.0,0.823633676713041,1.0,1.0,0.7975987830085595,0.0,41.0,0.875,0.9951975660151287,1.0,0.4133711542157449,0.8812157359190156,0.84375,0.8228555045480823,82.28555045480823,100.0,111,12,1,-110
130149956,"ARG JG70-A212VE белый, черный",HomeAppliances,27,27,0,4.444444444444445,4.333333333333333,0.7624294525710383,0.5624999999999768,0.57812499999998,0.7456255795448671,0.18750000000000436,64.0,0.5892857142854248,0.8912511590879517,1.0,0.46167036151600516,0.600756712173822,0.84375,0.5288554786001763,52.88554786001764,88.8888888888889,608,63,458,-150
130149958,"ARG JG80-A212VEG черный, серебристый",HomeAppliances,29,29,0,4.689655172413793,4.689655172413793,0.8080162265881143,0.8526785714285643,0.8526785714285643,0.8413082232779678,0.035714285714283804,56.0,0.875,1.0,1.0,0.44714513047458226,0.8356998313681667,0.8529411764705882,0.7781392103977715,77.81392103977714,93.79310344827584,302,44,377,75
130609812,Samsung Galaxy A16 8 ГБ/256 ГБ серый,Smartphones,29,29,0,3.9310344827586206,4.0344827586206895,0.8259340386734804,0.5616883116883066,0.582792207792202,0.8362617076165682,0.12337662337662055,154.0,0.593292682926544,1.0,1.0,0.5577824352327572,0.6119455595832152,0.8529411764705882,0.5410266385356008,54.10266385356008,78.62068965517241,597,57,556,-41
130609900,Samsung Galaxy A16 6 ГБ/128 ГБ черный,Smartphones,27,26,1,4.153846153846154,4.153846153846154,0.8329102068406322,0.814606741573035,0.7359550561797745,0.8068350782453875,0.40449438202247723,178.0,0.835106382978864,1.0,0.9971910112359588,0.573703905619032,0.8245687935178234,0.8387096774193549,0.7618996426667135,76.18996426667135,83.07692307692308,344,26,525,181
130609987,Samsung Galaxy A16 6 ГБ/128 ГБ зеленый,Smartphones,30,30,0,4.733333333333333,4.733333333333333,0.8580328325395006,0.7311827956989146,0.7311827956989146,0.7888805601143748,0.0,93.0,0.8225000000001544,0.9777611202267942,1.0,0.5024700414671426,0.7604914899961224,0.8571428571428571,0.6994184151386905,69.94184151386905,94.66666666666667,447,40,352,-95
130684376,Весна косметика крем Главаптека Ретинол для лица 45 г,Beauty,22,21,1,4.809523809523809,5.0,0.6938642199048429,0.9750000000000021,1.0,0.6600145239091516,0.0999999999999916,40.0,0.875,0.7200290478168632,1.0,0.41070606239990254,0.8570470906411167,0.8076923076923077,0.7848054309455976,78.48054309455976,96.19047619047618,280,22,295,15
130880069,Наушники VARIUM T29P PRO белый,Headphones,28,28,0,4.464285714285714,4.464285714285714,0.8163768625317285,0.8238636363636322,0.8238636363636322,0.8046436698796112,0.09090909090908857,44.0,0.875,1.0,1.0,0.4210014869716716,0.8160221932655326,0.8484848484848485,0.7559425661786402,75.59425661786402,89.28571428571429,352,37,451,99
130893294,"Бескаркасный диван Beless Transformer/Lux, 140х80 см, обивка велюр, серый",Furniture,30,30,0,4.833333333333333,4.766666666666667,0.8076310243743369,0.9494047619047596,0.9285714285714255,0.8068480946985341,0.08333333333333665,84.0,0.875,1.0,1.0,0.49133927426065016,0.8861065022588288,0.8571428571428571,0.8331884746860141,83.3188474686014,96.66666666666666,74,7,278,204
131021203,ARG A70U1C1 178 см черный,TVs,30,30,0,4.9,4.9,0.7804518947794086,0.9765625000000009,0.9765625000000009,0.7893200646512939,0.06249999999999744,64.0,0.875,0.9786401293006306,1.0,0.46167036151600516,0.8868969755925179,0.8571428571428571,0.834030266307998,83.4030266307998,98.00000000000001,71,12,204,133
131142927,Dr.Ceuracle эссенция VEGAN KOMBUCHA TEA ESSENCE для лица 150 мл,Beauty,28,28,0,5.0,4.928571428571429,0.7724353101835152,1.0,0.977272727272728,0.7870099766858927,0.09090909090908783,22.0,0.875,0.9740199533698374,1.0,0.34677298837094817,0.8689862843917593,0.8484848484848485,0.811775414050211,81.1775414050211,100.0,170,3,1,-169
131227584,Наушники Mizone Mate 70 Plus черный,Headphones,29,29,0,4.827586206896552,4.413793103448276,0.6889698665632709,0.9531250000000004,0.8593750000000014,0.6975841981293719,0.3749999999999955,32.0,0.875,0.7951683962571535,1.0,0.38669960537370857,0.8571045208591934,0.8529411764705882,0.8008217761188244,80.08217761188244,96.55172413793103,220,24,287,67
131227592,Наушники Mizone LiteBuds черный,Headphones,28,27,1,4.592592592592593,4.592592592592593,0.7370762393091596,0.8467741935483889,0.8467741935483889,0.7423716707044087,0.06451612903225729,31.0,0.875,0.8847433414070479,1.0,0.3832963842869687,0.8199655175595025,0.84375,0.7586480294362378,75.86480294362377,91.85185185185185,350,36,413,63
131318139,Jain Laboratory крем Natural Sunscreen SPF50 для лица 45 мл,Beauty,10,10,0,4.5,4.4,0.5864279962910659,0.861111111111111,0.8333333333333333,0.6052913475592582,0.1111111111111111,9.0,0.875,0.6105826951172952,1.0,0.2546566055263249,0.7860314778122636,0.6666666666666666,0.6762572649461491,67.62572649461491,90.0,468,61,434,-34
131378652,Конструктор Bricks деталей 164 шт,Kids,28,27,1,4.962962962962963,5.0,0.7611650155670995,0.9875000000000007,1.0,0.7490754937730244,0.049999999999997206,40.0,0.875,0.8981509875442526,1.0,0.41070606239990254,0.876009228525169,0.84375,0.8173976187990414,81.73976187990414,99.25925925925925,139,17,146,7
131491627,Organic Zone крем Professional Крем для лица антивозрастной для лица 50 мл,Beauty,20,20,0,4.85,4.85,0.6784778830750816,0.875,0.875,0.7224519956327565,0.0,2.0,0.875,0.8449039912638233,1.0,0.12150207915137025,0.7943777482819094,0.8,0.7198042950783545,71.98042950783545,97.0,419,52,270,-149
131491628,Organic Zone крем Professional Крем для проблемной кожи для лица 50 мл,Beauty,8,8,0,4.5,4.625,0.6807871094470055,0.0,0.25,0.5872849150590486,1.0,1.0,0.125,0.5745698301169481,0.6250000000009375,0.07665927685739374,0.17078589978073655,0.6153846153846154,0.1923076923076923,19.23076923076923,90.0,683,118,434,-249
131491630,Organic Zone крем Professional Крем для очень сухой и чувствительной кожи для лица 50 мл,Beauty,18,18,0,4.666666666666667,4.555555555555555,0.6773873477897435,0.9791666666666666,0.9583333333333333,0.5827792388921821,0.08333333333333333,12.0,0.875,0.5655584777832331,1.0,0.28367303284707407,0.8194086697979498,0.782608695652174,0.7393639848719566,73.93639848719566,93.33333333333333,386,44,379,-7
131491658,Organic Zone сыворотка Professional Пептидная сыворотка-концентрат антивозрастная для лица 50 мл,Beauty,13,13,0,5.0,5.0,0.7030772855221343,1.0,1.0,0.356709450212911,0.0,1.0,0.875,0.1134189004255952,1.0,0.07665927685739374,0.7377421146053323,0.7222222222222222,0.647615589704379,64.7615589704379,100.0,503,67,1,-502
131491665,Organic Zone сыворотка Professional Сыворотка-концентрат для проблемной кожи для лица 50 мл,Beauty,1,1,0,5.0,5.0,0.871452642342215,1.0,1.0,0.871452642342215,0.0,0.0,0.875,1.0,1.0,0.0,0.8125366885156105,0.16666666666666666,0.5495526962680757,54.95526962680757,100.0,581,93,1,-580
131847390,SMART GUP98QX2AAJXXZ 249 см черный,TVs,14,14,0,4.857142857142857,4.428571428571429,0.7668158182855827,0.9354838709677407,0.8387096774193561,0.8024490304588032,0.38709677419353783,62.0,0.875,1.0,1.0,0.45821395650972135,0.8757852489259265,0.7368421052631579,0.7769765022428681,77.6976502242868,97.14285714285712,306,37,256,-50
131892887,Яндекс Бейсик с Алисой YNDX-00074 109 см черный,TVs,29,29,0,4.896551724137931,4.896551724137931,0.9020776819309171,0.9706405693950179,0.9706405693950179,0.8888913414549827,0.0,281.0,0.875,1.0,1.0,0.6239721206185128,0.9164887945814375,0.8529411764705882,0.8637513361139129,86.37513361139129,97.93103448275862,7,2,211,204
131893133,Яндекс Бейсик с Алисой YNDX-00075 127 см черный,TVs,28,28,0,5.0,5.0,0.9090279139559723,1.0,1.0,0.9127889410319284,0.0,391.0,0.875,1.0,1.0,0.660397426986143,0.9281112406512074,0.8484848484848485,0.8741028252839783,87.41028252839783,100.0,3,1,1,-2
131929760,"HYDRA Home H13 14"" / 8 Гб / SSD 256 Гб / Win 10 / H13",Laptops,28,28,0,4.892857142857143,4.928571428571429,0.8301956849752665,0.9814814814814825,0.9861111111111118,0.858596430908719,0.018518518518517494,54.0,0.875,1.0,1.0,0.4431948548912695,0.8846303791426535,0.8484848484848485,0.8282668584183106,82.82668584183106,97.85714285714286,86,22,216,130
131930182,"HYDRA Home H13 14"" / 8 Гб / SSD 256 Гб / Win 10 / H13",Laptops,29,29,0,4.896551724137931,4.896551724137931,0.7716887722851125,0.9624999999999996,0.9624999999999996,0.7549015587441007,0.0666666666666621,60.0,0.875,0.9098031174863819,1.0,0.4546460355287156,0.8799991342342076,0.8529411764705882,0.8250832153120706,82.50832153120706,97.93103448275862,98,28,211,113
132159948,Наушники GERLAX A4 белый,Headphones,26,25,1,2.4,2.44,0.7650617526479466,0.30717054263565846,0.30135658914728614,0.7913301897109442,0.14728682170542448,258.0,0.2528135048228127,0.982660379419923,1.0,0.6145627260384121,0.39874069669215667,0.8333333333333334,0.3193440124154021,31.93440124154021,48.0,676,69,679,3
132186911,"Диван Честер, 400х80 см, обивка велюр, светло серый",Furniture,30,30,0,4.333333333333333,4.266666666666667,0.7871099308391677,0.7967741935483836,0.7838709677419324,0.7756736442734101,0.1806451612903245,155.0,0.875,0.9513472885449176,1.0,0.5584936657132318,0.8128341466490476,0.8571428571428571,0.7551592073513558,75.51592073513558,86.66666666666666,353,24,485,132
132428983,"Apple MacBook Air 13 2022 13.6"" / 16 Гб / SSD 256 Гб / macOS / MC7X4RU/A",Laptops,30,29,1,5.0,4.862068965517241,0.7915923189556927,1.0,0.9333333333333282,0.779886495775971,0.26666666666668654,45.0,0.875,0.9597729915500226,1.0,0.4234322652283419,0.8823084725053314,0.8529411764705882,0.8275304228330611,82.75304228330612,100.0,91,25,1,-90
132429445,"Apple MacBook Air 13 2022 13.6"" / 16 Гб / SSD 256 Гб / macOS / MC7W4RU/A",Laptops,26,26,0,4.730769230769231,4.5,0.7966422830977344,0.7499999999999893,0.6826923076922983,0.7531695986262537,0.2692307692307643,26.0,0.7159090909094398,0.9063391972506947,1.0,0.36450623745411076,0.7420285307039446,0.8387096774193549,0.6758910846658785,67.58910846658786,94.61538461538461,469,65,357,-112
132580158,Jambo 1036-YJL синий,HomeAppliances,30,29,1,4.551724137931035,4.655172413793103,0.7486640033606642,0.9122983870967741,0.9243951612903233,0.7684742059440356,0.19354838709677508,248.0,0.875,0.9369484118861974,1.0,0.6102079918957961,0.8890186469244137,0.8529411764705882,0.8346411997646476,83.46411997646476,91.0344827586207,70,10,424,354
132763643,Наушники ArtTech Flow ANC синий,Headphones,30,30,0,4.9,4.833333333333333,0.7755350823752923,0.9736842105263163,0.9671052631578954,0.7778728628947589,0.13157894736841844,38.0,0.875,0.9557457257876063,1.0,0.4051751119984443,0.8755138304293426,0.8571428571428571,0.8219081164241194,82.19081164241194,98.00000000000001,118,10,204,86
132849405,Велосипед STELS AVANGARD 300 2025 20 дюймов черный,Sport,23,23,0,5.0,5.0,0.8328624595419235,1.0,1.0,0.7763066476608622,0.0,35.0,0.875,0.9526132953198193,1.0,0.39632271201752794,0.8772088788126456,0.8214285714285714,0.8102251586029936,81.02251586029936,100.0,177,16,1,-176
132964187,Велосипед PEGAS KUROMI-01 2025 20 дюймов фиолетовый,Sport,28,28,0,4.464285714285714,4.428571428571429,0.8397821368082692,0.8620689655172421,0.8591954022988517,0.8493895472892842,0.034482758620686255,87.0,0.875,1.0,1.0,0.4951753567945196,0.8472923982904075,0.8484848484848485,0.7889064963234196,78.89064963234196,89.28571428571429,267,28,451,184
133033164,Яндекс Бейсик с Алисой YNDX-00076 140 см черный,TVs,28,28,0,4.857142857142857,4.714285714285714,0.8518512724921043,0.9884169884169886,0.9305019305019295,0.8594420473974815,0.23166023166023583,259.0,0.875,1.0,1.0,0.6149889152307927,0.9181153747820111,0.8484848484848485,0.8635655415026069,86.35655415026069,97.14285714285712,8,3,256,248
133297819,LG F2V3FR6W белый,HomeAppliances,30,30,0,4.7,4.466666666666667,0.7378301902291835,0.9257575757575758,0.8363636363636358,0.6973343811865309,0.4545454545454588,165.0,0.875,0.7946687623714725,0.9659090909091735,0.5653651896018197,0.875737162502828,0.8571428571428571,0.8221459474303886,82.21459474303886,94.0,117,19,370,253
133335702,Xiaomi Redmi Note 14 Pro 8 ГБ/256 ГБ черный,Smartphones,30,30,0,4.2,4.133333333333334,0.8476042840660195,0.6868131868131861,0.6776556776556768,0.8889843069774931,0.036630036630037145,273.0,0.706676136364006,1.0,1.0,0.620789283447728,0.7216394773239984,0.8571428571428571,0.6580440924756151,65.80440924756151,84.00000000000001,491,47,514,23
133345346,Poco X7 Pro 12 ГБ/512 ГБ черный,Smartphones,29,26,3,4.115384615384615,4.230769230769231,0.8602503082905728,0.73688155922039,0.7533733133433286,0.9114526663939898,0.14992503748125827,667.0,0.875,1.0,1.0,0.7193479853046824,0.7845717391857016,0.8387096774193549,0.7202219347201815,72.02219347201815,82.3076923076923,418,37,529,111
133432433,Samsung Galaxy S25 5G 12 ГБ/256 ГБ синий,Smartphones,30,30,0,4.8,4.666666666666667,0.8242714784241246,0.9299065420560754,0.8925233644859816,0.8257430188613947,0.14953271028037496,214.0,0.875,1.0,1.0,0.5939708608011569,0.8967153333842361,0.8571428571428571,0.8444860413208467,84.44860413208467,96.0,40,6,300,260
133434571,Samsung Galaxy S25 Ultra 5G 12 ГБ/256 ГБ темно-черный,Smartphones,30,30,0,4.866666666666666,4.866666666666666,0.8805069290694825,0.9764705882352948,0.9764705882352948,0.8744343793057027,0.0,170.0,0.875,1.0,1.0,0.5686472096259525,0.9072192464407592,0.8571428571428571,0.8556718785049597,85.56718785049597,97.33333333333333,17,3,235,218
133434844,Samsung Galaxy S25 Ultra 5G 12 ГБ/256 ГБ серый,Smartphones,27,26,1,4.6923076923076925,4.653846153846154,0.8215062514753279,0.9069148936170218,0.9002659574468089,0.8119052867765673,0.026595744680851498,188.0,0.875,1.0,1.0,0.5797160356610916,0.8834715360801543,0.8387096774193549,0.8232774451763106,82.32774451763106,93.84615384615384,107,12,374,267
133574875,Xiaomi Redmi Note 14 8 ГБ/256 ГБ черный,Smartphones,28,27,1,4.148148148148148,4.222222222222222,0.7960675698579868,0.8814655172413812,0.893318965517243,0.8535446801102208,0.04741379310344686,232.0,0.875,1.0,1.0,0.6028628229211324,0.8727327032105868,0.84375,0.8139628976956073,81.39628976956072,82.96296296296296,161,16,527,366
133574925,Xiaomi Redmi Note 14 8 ГБ/256 ГБ голубой,Smartphones,29,28,1,4.857142857142857,4.857142857142857,0.8629759612908549,0.14971751412427797,0.14971751412427797,0.9676575201753452,0.0,354.0,0.125,1.0,1.0,0.6494324957060003,0.32127659872715525,0.8484848484848485,0.23439948052163423,23.439948052163423,97.14285714285712,681,70,256,-425
133574942,Xiaomi Redmi Note 14 8 ГБ/256 ГБ зеленый,Smartphones,30,30,0,4.933333333333334,4.633333333333334,0.8434743311844461,0.9565217391304326,0.9076086956521736,0.8515756059171808,0.19565217391303552,46.0,0.875,1.0,1.0,0.42581076460974876,0.8764027023825716,0.8571428571428571,0.8228546947985633,82.28546947985633,98.66666666666667,112,13,167,55
133963600,"PRYME N5095 15.6"" / 16 Гб / SSD 512 Гб / Win 11 Pro / FHK14BK25",Laptops,28,27,1,4.666666666666667,4.555555555555555,0.8314839674204267,0.9024390243902419,0.8536585365853615,0.8085703475507563,0.19512195121952078,82.0,0.875,1.0,1.0,0.48870591274442593,0.8672862224873277,0.84375,0.8082534523278668,80.82534523278669,93.33333333333333,190,42,379,189
133963854,"Apple MacBook Air 13 2022 13.6"" / 16 Гб / SSD 256 Гб / macOS / MC7X4",Laptops,28,28,0,5.0,4.857142857142857,0.7896941385322337,1.0,0.9534883720930233,0.7672448340551048,0.18604651162790656,86.0,0.875,0.9344896681083407,1.0,0.493911389224812,0.8942284259268906,0.8484848484848485,0.8383847755688453,83.83847755688453,100.0,55,15,1,-54
133964851,"Apple MacBook Air 13 2022 13.6"" / 16 Гб / SSD 256 Гб / macOS / MC7W4",Laptops,29,29,0,5.0,4.931034482758621,0.8590858657586857,1.0,0.9268292682926783,0.8327127832296471,0.29268292682928604,41.0,0.875,1.0,1.0,0.4133711542157449,0.881265397986733,0.8529411764705882,0.8264250759729732,82.64250759729732,100.0,93,27,1,-92
134023429,Juice to Cleanse эмульсия Vinegar Kombucha Essence для лица 150 мл,Beauty,1,1,0,5.0,5.0,0.4528656010968025,1.0,1.0,0.4528656010968025,0.0,0.0,0.875,0.3057312021929936,1.0,0.0,0.755671391125953,0.16666666666666666,0.5377777148814353,53.777771488143536,100.0,601,105,1,-600
134066383,"Диван Xan mebel Шанхай, 190х55 см, обивка велюр, светло-коричневый",Furniture,28,28,0,4.892857142857143,4.857142857142857,0.7573420536376879,0.9722222222222234,0.9629629629629645,0.7631790475545452,0.1111111111111065,27.0,0.875,0.9263580951072379,1.0,0.36852835192176836,0.8676242688533822,0.8484848484848485,0.8103396260524205,81.03396260524205,97.85714285714286,176,13,216,40
134555177,LG F2Y1HS5J черный,HomeAppliances,29,29,0,4.9655172413793105,4.9655172413793105,0.8608773998196187,0.9558823529411719,0.9558823529411719,0.8596064541958147,0.0,34.0,0.875,1.0,1.0,0.393207126875912,0.8704712385917076,0.8529411764705882,0.8149864970585802,81.49864970585801,99.3103448275862,153,27,129,-24
134555180,LG F2Y1HS6W белый,HomeAppliances,28,28,0,4.928571428571429,4.75,0.7507591693334369,0.9836956521739135,0.9130434782608664,0.7102447945809535,0.28260869565218905,46.0,0.875,0.820489589160266,1.0,0.42581076460974876,0.8720804373951345,0.8484848484848485,0.815037159324327,81.5037159324327,98.57142857142858,152,26,185,33
135049268,Xiaomi Max 2025 L85MA-MAXRU 216 см черный,TVs,18,18,0,4.722222222222222,4.722222222222222,0.8292267721146944,0.844262295081965,0.844262295081965,0.7983091637771357,0.0,61.0,0.875,0.9966183275522782,1.0,0.4564443834212198,0.8321182430412125,0.782608695652174,0.7517217461735209,75.1721746173521,94.44444444444444,364,43,362,-2
135124789,СпивакЪ сыворотка Сыворотка Ниацинамид 10%+Zn 1% для лица 30 мл,Beauty,26,26,0,4.153846153846154,4.230769230769231,0.6815152473604554,1.0,1.0,0.7231701297772429,0.0,5.0,0.875,0.8463402595527932,1.0,0.19816135600876397,0.8383466803056119,0.8387096774193549,0.7762564684692745,77.62564684692745,83.07692307692308,309,29,525,216
135203809,"Lenovo IdeaPad Slim 3 15IRH10 15.3"" / 16 Гб / SSD 512 Гб / Win 11 / 83K1002XRK",Laptops,29,29,0,4.827586206896552,4.827586206896552,0.8668653178455837,0.8939393939393855,0.8939393939393855,0.8668476509003895,0.0,66.0,0.875,1.0,1.0,0.46502201069294585,0.8596341562695609,0.8529411764705882,0.8035024326856959,80.35024326856959,96.55172413793103,207,46,287,80
135250873,Midea MF01712BS40/W белый,HomeAppliances,29,29,0,4.931034482758621,4.724137931034483,0.8005910415178122,0.96875,0.875,0.78872303908965,0.375,8.0,0.875,0.9774460781773452,1.0,0.2430041583027405,0.8468912352490908,0.8529411764705882,0.7899987495957742,78.99987495957743,98.62068965517243,259,38,178,-81
135306521,Яндекс QLED YNDX-00095 140 см черный,TVs,29,29,0,4.862068965517241,4.862068965517241,0.8340388661429884,0.9848484848484858,0.9848484848484858,0.8410965742327604,0.0,66.0,0.875,1.0,1.0,0.46502201069294585,0.8891329704094926,0.8529411764705882,0.8347623484486705,83.47623484486705,97.24137931034483,68,11,247,179
135360930,Наушники QSQ XY16 черный,Headphones,27,27,0,5.0,4.666666666666667,0.7826852143131985,1.0,0.8181818181818182,0.6605079988075095,0.7272727272727273,11.0,0.875,0.7210159976135772,0.7954545454550568,0.2748206328661577,0.8367219018750601,0.84375,0.7762134383069567,77.62134383069566,100.0,310,30,1,-309
135477309,Велосипед PEGAS KUROMI-01 2025 16 дюймов розовый,Sport,15,15,0,4.8,4.466666666666667,0.7723613761188179,0.96875,0.84375,0.7196464886704027,0.5,8.0,0.875,0.8392929773391269,0.9375000000001563,0.2430041583027405,0.8402506116209588,0.75,0.7488111286241553,74.88111286241553,96.0,370,46,300,-70
135783239,Carich молочко CARICH Молочко с витамином E для лица 65 мл,Beauty,19,19,0,5.0,4.7368421052631575,0.7586711398708531,1.0,1.0,0.916640161790514,0.0,2.0,0.875,1.0,1.0,0.12150207915137025,0.8315303803021112,0.7916666666666666,0.7540569864907617,75.40569864907617,100.0,360,38,1,-359
135804242,"Acer Aspire 16"" / 16 Гб / eMMC 512 Гб / Win 11 Pro / NX.J5REM.01C / AL16-52P",Laptops,30,30,0,4.933333333333334,4.833333333333333,0.7973177148661909,0.9840425531914901,0.9680851063829802,0.8438249374614162,0.0638297872340395,47.0,0.875,1.0,1.0,0.42813918658094524,0.8822535256218105,0.8571428571428571,0.8290853591038535,82.90853591038535,98.66666666666667,85,21,167,82
136079442,Игровой центр Кольцеброс и 12 колец,Kids,26,26,0,4.846153846153846,4.769230769230769,0.69439795693888,0.9318181818181819,0.9090909090909091,0.6852927275315706,0.09090909090909091,11.0,0.875,0.7705854550616,1.0,0.2748206328661577,0.8314331414346523,0.8387096774193549,0.7690524266028851,76.90524266028851,96.9230769230769,327,40,271,-56
136121156,Велосипед AIRO BIKE Принцесса М20 2025 12 дюймов розовый,Sport,30,29,1,4.413793103448276,4.172413793103448,0.7205650534148068,1.0,0.8333333333333334,0.689173866860312,0.6666666666666666,6.0,0.875,0.7783477337190674,0.83333333333375,0.2152097982069809,0.8339420457128834,0.8529411764705882,0.7762764836029632,77.62764836029632,88.27586206896552,308,35,465,157
136135212,"Диван Xan mebel Гармония , 215х70 см, обивка велюр, серый",Furniture,30,30,0,5.0,5.0,0.8539514482142976,1.0,1.0,0.8556370080179665,0.0,53.0,0.875,1.0,1.0,0.44116551431150447,0.8863142075098561,0.8571428571428571,0.8334096643614973,83.34096643614973,100.0,73,6,1,-72
136150886,Карточки Карточки черно-белые для малышей,Kids,28,28,0,4.892857142857143,4.964285714285714,0.7536572926521165,0.9722222222222224,0.9861111111111113,0.7756144113219104,0.05555555555555497,36.0,0.875,0.9512288226419185,1.0,0.3993529278314313,0.8740543925831382,0.8484848484848485,0.8171180321831559,81.7118032183156,97.85714285714286,142,18,216,74
136300221,"Acer Aspire 3 15.6"" / 8 Гб / SSD 256 Гб / Win 11 Pro / A325-45 / ZN.N01SI.03K.",Laptops,28,27,1,4.074074074074074,4.037037037037037,0.79014449042269,0.754807692307691,0.7499999999999991,0.8173337198079428,0.019230769230767296,104.0,0.8749999999999973,1.0,1.0,0.5147092060272822,0.7822393718583169,0.84375,0.719100406161545,71.9100406161545,81.4814814814815,422,62,534,112
136300764,"FIREBAT U6B-IG6616Q8 16"" / 16 Гб / SSD 512 Гб / Win 11 Home / IARN79F01",Laptops,30,30,0,4.933333333333334,4.933333333333334,0.8755786632647048,0.9504132231404938,0.9504132231404938,0.8865419142304766,0.0,121.0,0.875,1.0,1.0,0.5313053123861093,0.8935668432113347,0.8571428571428571,0.8411331481409108,84.11331481409108,98.66666666666667,48,12,167,119
136303305,Artel SE25 белый,HomeAppliances,30,30,0,4.533333333333333,4.366666666666666,0.712914417109001,0.8644366197183091,0.8257042253521129,0.7039390592280974,0.39436619718309973,142.0,0.875,0.8078781184545791,1.0,0.5488705590694124,0.8450801255987475,0.8571428571428571,0.7894986262357954,78.94986262357953,90.66666666666666,262,39,428,166
136303793,"Lalarecipe крем Крем для лица с мадекассосидом и семенами конопли, Hemp Seed Cream для лица 50 мл",Beauty,1,1,0,5.0,1.0,0.5156443824281821,1.0,0.0,0.5156443824281821,4.0,1.0,0.125,0.4312887648555017,0.0,0.07665927685739374,0.6160901737323071,0.16666666666666666,0.5088749162998575,50.88749162998575,100.0,617,109,1,-616
136419901,Samsung Galaxy A56 5G 8 ГБ/256 ГБ зеленый,Smartphones,30,30,0,4.466666666666667,4.333333333333333,0.8091762190991862,0.6971830985915412,0.6654929577464715,0.810336618261286,0.12676056338027852,142.0,0.6855263157898364,1.0,1.0,0.5488705590694124,0.7201033718255252,0.8571428571428571,0.6564082615323201,65.64082615323201,89.33333333333333,492,48,449,-43
136420155,Samsung Galaxy A56 5G 8 ГБ/256 ГБ серый,Smartphones,30,30,0,3.8,3.7333333333333334,0.8159862253745804,0.5859999999999991,0.5799999999999992,0.8297815310738909,0.023999999999999837,250.0,0.5909090909088147,1.0,1.0,0.6110927642830847,0.6299671560268159,0.8571428571428571,0.5604203160027913,56.04203160027913,76.0,570,55,575,5
136435352,Samsung Galaxy A36 5G 8 ГБ/256 ГБ черный,Smartphones,29,29,0,3.793103448275862,3.7586206896551726,0.7722499180035961,0.6551204819277079,0.6490963855421653,0.8387678120569109,0.12048192771084329,166.0,0.6593347639488593,1.0,1.0,0.5660294315898949,0.687712791908425,0.8529411764705882,0.6213172322131841,62.13172322131841,75.86206896551724,524,53,576,52
136436225,Samsung Galaxy A36 5G 8 ГБ/128 ГБ белый,Smartphones,27,26,1,4.769230769230769,4.769230769230769,0.8453291488929354,0.7840909090908927,0.7840909090908927,0.8325380766203241,0.0,44.0,0.875,1.0,1.0,0.4210014869716716,0.7920922002645262,0.8387096774193549,0.7280584013225431,72.8058401322543,95.38461538461537,407,35,325,-82
136436493,Samsung Galaxy A26 5G 8 ГБ/256 ГБ зеленый,Smartphones,29,28,1,4.607142857142857,4.607142857142857,0.7702194121421796,0.8647540983606551,0.8729508196721314,0.7829190672088807,0.16393442622950227,61.0,0.875,0.9658381344158298,1.0,0.4564443834212198,0.842826365113902,0.8484848484848485,0.784198564106874,78.4198564106874,92.14285714285714,285,22,405,120
136436593,Samsung Galaxy A26 5G 8 ГБ/256 ГБ черный,Smartphones,29,29,0,3.896551724137931,3.896551724137931,0.8295228147304228,0.6618705035971179,0.6618705035971179,0.8644035677667797,0.0,139.0,0.6795212765961116,1.0,1.0,0.5465256805906995,0.6950772147914643,0.8529411764705882,0.62912131673925,62.912131673924996,77.93103448275862,517,51,563,46
136460348,Наушники HESOYAM G4000+2.4GHz черный,Headphones,30,30,0,4.866666666666666,4.633333333333334,0.7563406827404456,1.0,1.0,0.8289842640498114,0.0,7.0,0.875,1.0,1.0,0.2299778305721812,0.849325361221502,0.8571428571428571,0.7940194666339211,79.40194666339211,97.33333333333333,241,27,235,-6
136547226,"HYDRA Home Razor R7 15.6"" / 16 Гб / SSD 512 Гб / Win 11 / H30",Laptops,28,28,0,4.964285714285714,4.857142857142857,0.806739410086771,0.9933333333333338,0.9766666666666687,0.8153379222170181,0.06666666666666136,75.0,0.875,1.0,1.0,0.4789616050379995,0.8927200704429632,0.8484848484848485,0.8367947212418549,83.6794721241855,99.28571428571429,59,16,136,77
136610005,"Угловой диван Алиса Пума, 280х115 см, обивка микровелюр, мультиколор",Furniture,30,30,0,5.0,4.966666666666667,0.86239331904732,1.0,0.9934210526315789,0.8712644139195207,0.026315789473684723,114.0,0.875,1.0,1.0,0.5247703170398793,0.9018375762413612,0.8571428571428571,0.8499408251056102,84.99408251056101,100.0,30,2,1,-29
136902528,Наушники Remax PD-BT101 белый,Headphones,26,26,0,2.3846153846153846,2.576923076923077,0.6759141881728519,0.45955882352941074,0.48713235294117524,0.7424827490360313,0.2867647058823524,136.0,0.4816433566434247,0.8849654980702927,1.0,0.5441300065903343,0.515706904933495,0.8387096774193549,0.4400595521104972,44.00595521104972,47.692307692307686,647,63,681,34
136953650,"Skin1004 стик Hyalu-Cica Silky-Fit Sun Stick SPF50+ PA++++ для лица, для зоны декольте 20 г",Beauty,7,7,0,4.428571428571429,4.428571428571429,0.6741671918069784,0.0,0.0,0.5261722721679134,0.0,1.0,0.125,0.45234454433492216,1.0,0.07665927685739374,0.18272103864404626,0.5833333333333334,0.216983180523933,21.6983180523933,88.57142857142858,682,117,461,-221
136989504,Celimax крем The Real Cica Soothing Cream для лица 50 мл,Beauty,23,22,1,4.7272727272727275,4.590909090909091,0.6550870839474743,1.0,0.8571428571428571,0.5470985211027215,0.5714285714285714,7.0,0.875,0.49419704220445465,0.8928571428574108,0.2299778305721812,0.8047874012099643,0.8148148148148148,0.7344127725799373,73.44127725799373,94.54545454545456,398,45,358,-40
137003742,Redmi A5 3 ГБ/64 ГБ черный,Smartphones,29,29,0,4.586206896551724,4.586206896551724,0.8240544290198396,0.8727272727272719,0.8727272727272719,0.8608108092488137,0.0,55.0,0.875,1.0,1.0,0.4451876287791622,0.8461668338322867,0.8529411764705882,0.789231100863847,78.9231100863847,91.72413793103449,263,18,414,151
137014131,"Конструктор Майнкрафт магнитные кубики, деталей 173 шт",Kids,28,27,1,3.4074074074074074,3.4444444444444446,0.7638322115311067,0.6205357142857197,0.6316964285714336,0.7659788294936432,0.09821428571428459,112.0,0.6340909090912605,0.9319576589854225,1.0,0.5228299872967583,0.6540269598927235,0.84375,0.5846976975541915,58.46976975541915,68.14814814814815,548,60,619,71
137017345,Yasin 43E9000 109 см черный,TVs,30,29,1,4.655172413793103,4.551724137931035,0.8283954839940612,0.9047619047619045,0.8511904761904762,0.7935531420846091,0.3095238095238046,42.0,0.875,0.9871062841672441,1.0,0.4159735321322259,0.8567148546110148,0.8529411764705882,0.800408846499486,80.0408846499486,93.10344827586206,222,23,387,165
137034687,Redmi A5 4 ГБ/128 ГБ черный,Smartphones,30,30,0,3.933333333333333,3.8333333333333335,0.8137979973375064,0.6840909090909068,0.6681818181818163,0.839806510496669,0.0636363636363612,110.0,0.6900684931510568,1.0,1.0,0.5208550069828015,0.7103823748055264,0.8571428571428571,0.6460561680460333,64.60561680460333,78.66666666666666,506,49,553,47
137110991,Наушники Huawei FreeBuds Pro 4 черный,Headphones,1,1,0,5.0,5.0,0.7492341553337062,1.0,1.0,0.7492341553337062,0.0,4.0,0.875,0.8984683106656155,1.0,0.17799732866893112,0.8378422369518606,0.16666666666666666,0.5547926646757635,55.479266467576345,100.0,574,57,1,-573
137176598,"Диван Xan mebel Шанхай, 190х55 см, обивка велюр, розовый",Furniture,28,28,0,4.857142857142857,4.785714285714286,0.793035247355982,0.9042553191489318,0.9042553191489318,0.8485748804198995,0.0,47.0,0.875,1.0,1.0,0.42813918658094524,0.8586149634061052,0.8484848484848485,0.8008423389325958,80.08423389325958,97.14285714285712,219,17,256,37
137177269,"Диван Xan mebel Шанхай , 190х55 см, обивка велюр, кремовый",Furniture,30,30,0,4.666666666666667,4.4,0.7175326756099734,0.8701923076923044,0.8221153846153841,0.6958059105017463,0.2307692307692175,52.0,0.875,0.7916118210019095,1.0,0.4390982399434889,0.832696594420092,0.8571428571428571,0.7763111443151597,77.63111443151597,93.33333333333333,307,20,379,72
137256420,Natuma Эмолибейз набор эмолентов увлажнение и защита для всей семьи 0+ 300 мл,Beauty,29,29,0,4.931034482758621,4.896551724137931,0.769576476030289,1.0,1.0,0.7030500024101527,0.0,2.0,0.875,0.8061000048186933,1.0,0.12150207915137025,0.8236999418500079,0.8529411764705882,0.7654229183555478,76.54229183555478,98.62068965517243,334,34,178,-156
137281386,Natuma Эмолибейз набор эмолентов очищение и увлажнение кожи 0+,Beauty,29,29,0,4.931034482758621,5.0,0.7211341023823363,0.984375,1.0,0.7100175787389195,0.0625,16.0,0.875,0.8200351574761989,1.0,0.313341945591719,0.8534137589046041,0.8529411764705882,0.7969106728705934,79.69106728705934,98.62068965517243,229,13,178,-51
137408073,LG F2Y1VS5J черный,HomeAppliances,30,30,0,4.966666666666667,4.966666666666667,0.8480972355004641,0.9913793103448281,0.9913793103448281,0.843471146607322,0.0,29.0,0.875,1.0,1.0,0.37615868467769514,0.8737869636441206,0.8571428571428571,0.8200691397880598,82.00691397880598,99.33333333333334,128,22,121,-7
137447105,"Мягкая игрушка Зайчик, 30 см",Kids,26,26,0,3.5,3.3846153846153846,0.7226805659652697,0.6376811594202945,0.6123188405797123,0.7251812279279674,0.3333333333333495,69.0,0.6162499999996807,0.8503624558542341,1.0,0.4698664037333058,0.6541241988601666,0.8387096774193549,0.584293062486587,58.4293062486587,70.0,550,61,612,62
137582956,Apple MacBook Air 13 2025 / 16 Гб / SSD 256 Гб / macOS / MW123,Laptops,29,29,0,4.9655172413793105,5.0,0.8690240252735569,0.9943181818181818,1.0,0.8851067686331505,0.02272727272727298,132.0,0.875,1.0,1.0,0.5408528495301929,0.9044531542433288,0.8529411764705882,0.8509971589006179,85.09971589006179,99.3103448275862,27,5,129,102
137602804,REKO 45G9000 109 см черный,TVs,1,1,0,5.0,5.0,0.9797450844272504,1.0,1.0,0.9797450844272505,0.0,2.0,0.875,1.0,1.0,0.12150207915137025,0.8315303803021112,0.16666666666666666,0.5534856813664762,55.34856813664762,100.0,575,70,1,-574
137686584,Avalon 55D7000 140 см черный,TVs,3,3,0,5.0,5.0,0.9446244675185721,1.0,1.0,0.9446244675185721,0.0,0.0,0.875,1.0,1.0,0.0,0.8125366885156105,0.375,0.6114935666031704,61.14935666031704,100.0,531,65,1,-530
137743484,Велосипед Cruzer Horizon 29/21 2025 21 дюйм черный,Sport,26,26,0,5.0,4.769230769230769,0.7944142523158574,1.0,0.651315789473664,0.7204347816565362,1.3947368421053439,38.0,0.662735849056941,0.8408695633113907,0.3782894736857144,0.4051751119984443,0.8117323781406047,0.8387096774193549,0.7485238483712212,74.85238483712212,100.0,371,47,1,-370
137806623,Велосипед Cruzer Advance 2025 17 дюймов серый,Sport,28,28,0,5.0,4.928571428571429,0.8801502036035702,1.0,0.9615384615384626,0.8647008710227958,0.15384615384614944,13.0,0.875,1.0,1.0,0.29186907506437465,0.8598405527608578,0.8484848484848485,0.8021343113339318,80.21343113339317,100.0,214,21,1,-213
137890133,Велосипед BMW Складной Bike lux комплектация 2025 2025 16.5 дюймов черный,Sport,17,17,0,4.529411764705882,4.470588235294118,0.8153637103961492,0.8260869565217343,0.804347826086949,0.8021323346932083,0.17391304347826583,23.0,0.875,1.0,1.0,0.3514799097235515,0.808706084118975,0.7727272727272727,0.7260667764942754,72.60667764942754,90.58823529411765,410,52,432,22
137890268,Велосипед BMW Складной Bike lux комплектация 2025 2025 16.5 дюймов белый,Sport,17,17,0,4.882352941176471,4.588235294117647,0.8114789548835732,0.9705882352941202,0.9705882352941202,0.9034002518025355,0.0,17.0,0.875,1.0,1.0,0.31966343516013423,0.8607347372291287,0.7727272727272727,0.7760164885225085,77.60164885225085,97.64705882352942,312,37,227,-85
137978460,Yasin 40E9000 102 см черный,TVs,29,29,0,4.172413793103448,4.241379310344827,0.8075725498716149,0.6954545454545362,0.7045454545454449,0.8070708373732697,0.2545454545454424,55.0,0.7596153846156836,1.0,1.0,0.4451876287791622,0.7245264746593008,0.8529411764705882,0.6603287198024248,66.03287198024248,83.44827586206897,489,59,521,32
138067710,CeraVe Набор для сухой кожи лица и тела: очищающий гель 236 мл и увлажняющий крем 340 г,Beauty,13,13,0,4.846153846153846,4.6923076923076925,0.7718675221606366,1.0,0.6428571428571218,0.6358803025301694,1.428571428571512,7.0,0.6500000000003291,0.6717606050589953,0.3571428571444122,0.2299778305721812,0.7764297932427899,0.7222222222222222,0.6823298314761757,68.23298314761756,96.9230769230769,464,60,271,-193
138152993,Apple MacBook Air 13 2025 / 16 Гб / SSD 256 Гб / macOS / MW0W3RU/A,Laptops,27,27,0,5.0,4.888888888888889,0.8845790256121028,1.0,0.974137931034485,0.8987966457226715,0.10344827586206032,58.0,0.875,1.0,1.0,0.45095916217425236,0.8881064559095844,0.84375,0.8300789193235241,83.00789193235241,100.0,82,20,1,-81
138153472,Apple MacBook Air 13 2025 / 16 Гб / SSD 256 Гб / macOS / MW123RU/A,Laptops,28,28,0,5.0,5.0,0.8729621428487585,1.0,1.0,0.9434250738784173,0.0,27.0,0.875,1.0,1.0,0.36852835192176836,0.8732363286855268,0.8484848484848485,0.8162556585225619,81.62556585225619,100.0,146,33,1,-145
138203455,Apple MacBook Air 13 2025 / 16 Гб / SSD 256 Гб / macOS / MC6T4RU/A,Laptops,30,30,0,5.0,5.0,0.8808432033127688,1.0,1.0,0.8861683778641254,0.0,50.0,0.875,1.0,1.0,0.43484402474308925,0.8851610382831124,0.8571428571428571,0.8321816302806103,83.21816302806103,100.0,75,18,1,-74
138225601,Apple MacBook Air 13 2025 / 16 Гб / SSD 512 Гб / macOS / MC6U4,Laptops,28,28,0,4.964285714285714,5.0,0.8574669082778116,0.9962686567164183,1.0,0.8846405176374192,0.014925373134327027,67.0,0.875,1.0,1.0,0.46666049930650655,0.8907090222847514,0.8484848484848485,0.8346747463023766,83.46747463023766,99.28571428571429,69,17,136,67
138242483,Apple MacBook Air 13 2025 / 16 Гб / SSD 512 Гб / macOS / MW133,Laptops,30,30,0,5.0,5.0,0.8390153008370679,1.0,1.0,0.8416028527877476,0.0,76.0,0.875,1.0,1.0,0.48040732442931927,0.8935372581390322,0.8571428571428571,0.8411016423772897,84.11016423772897,100.0,49,13,1,-48
138283112,Dslt добавка в косметику SPF50+ для лица 30 мл,Beauty,1,1,0,4.0,5.0,0.8202159351516638,0.75,1.0,0.8202159351516638,1.0,0.0,0.875,1.0,0.6250000000009375,0.0,0.7200414998243596,0.16666666666666666,0.5303999058108265,53.039990581082655,80.0,607,106,542,-65
138321653,"Apple MacBook Air 13 2025 13.6"" / 16 Гб / SSD 256 Гб / macOS / MC6T4",Laptops,29,29,0,4.862068965517241,4.862068965517241,0.8779717786079431,0.9687500000000007,0.9687500000000007,0.8787096425115227,0.0,128.0,0.875,1.0,1.0,0.5374756112835961,0.899705733939026,0.8529411764705882,0.8459663139961424,84.59663139961424,97.24137931034483,35,7,247,212
138327952,Велосипед Huber Huber Ride 2025 17 дюймов серый,Sport,30,30,0,4.966666666666667,4.966666666666667,0.813849094502372,0.9264705882352878,0.9264705882352878,0.808226212502507,0.0,17.0,0.875,1.0,1.0,0.31966343516013423,0.8494033027460696,0.8571428571428571,0.7941024681971482,79.41024681971483,99.33333333333334,240,26,121,-119
138350776,NeLus 43UQ80 109 см черный,TVs,21,21,0,5.0,5.0,0.9016233499206316,1.0,1.0,0.9173154409690901,0.0,79.0,0.875,1.0,1.0,0.48463443609850604,0.8943219757186613,0.8076923076923077,0.8222101523890457,82.22101523890457,100.0,116,14,1,-115
138374297,"SUNKILLER крем Sunkiller для лица, для зоны декольте 50 мл",Beauty,25,25,0,4.96,4.92,0.7568571918176851,0.9838709677419356,0.9758064516129035,0.7696206513876014,0.03225806451612864,31.0,0.875,0.9392413027733244,1.0,0.3832963842869687,0.8726592656264817,0.8333333333333334,0.8100107796835438,81.00107796835438,99.2,178,4,152,-26
138397170,Apple MacBook Air 13 2025 / 16 Гб / SSD 256 Гб / macOS / MW0Y3,Laptops,28,28,0,4.964285714285714,4.892857142857143,0.8437251566206688,0.9776119402985066,0.9626865671641794,0.8579462654931178,0.05970149253730845,67.0,0.875,1.0,1.0,0.46666049930650655,0.8883170254239346,0.8484848484848485,0.8321531888848999,83.21531888848999,99.28571428571429,76,19,136,60
138403397,Yasin 24E9000 61 см черный,TVs,29,29,0,4.620689655172414,4.448275862068965,0.7809980911897455,0.8918918918918897,0.8513513513513499,0.7661722239367631,0.16216216216215898,74.0,0.875,0.9323444478716616,1.0,0.47749673648923247,0.8586471461008346,0.8529411764705882,0.802456497259776,80.2456497259776,92.41379310344827,210,21,403,193
138452161,"Apple MacBook Air 13 2025 13.6"" / 16 Гб / SSD 256 Гб / macOS / MW0W3",Laptops,28,28,0,5.0,4.964285714285714,0.8252872835228972,1.0,0.9865591397849455,0.8377152894415434,0.05376344086021768,93.0,0.875,1.0,1.0,0.5024700414671426,0.8976472661398605,0.8484848484848485,0.8419887944701236,84.19887944701236,100.0,45,11,1,-44
138495695,AVANGARD AA1612S серый,HomeAppliances,28,28,0,4.928571428571429,4.857142857142857,0.7209698361546343,0.9734042553191479,0.9095744680850995,0.706508319831061,0.2553191489361938,47.0,0.875,0.813016639660496,1.0,0.42813918658094524,0.8700646223483739,0.8484848484848485,0.8129121593016744,81.29121593016744,98.57142857142858,165,32,185,20
138495699,AVANGARD AA2612DG серый,HomeAppliances,29,29,0,4.896551724137931,4.827586206896552,0.832584950243637,0.8666666666666567,0.8666666666666567,0.779714792669641,0.0,45.0,0.875,0.9594295853373633,1.0,0.4234322652283419,0.8390762881363065,0.8529411764705882,0.7817172442010524,78.17172442010524,97.93103448275862,293,43,211,-82
138535440,AVANGARD AA2812BM черный,HomeAppliances,29,29,0,4.758620689655173,4.620689655172414,0.835370982891464,0.8945783132530071,0.8704819277108404,0.8623715160806296,0.09638554216866689,83.0,0.875,1.0,1.0,0.4900304310731386,0.8637251921319092,0.8529411764705882,0.8078377064981845,80.78377064981845,95.17241379310344,191,34,336,145
138572382,Gegemoon добавка в косметику Патчи для глаз с авокадо патчи с коллагеном консилер тушь карандаш подводка для области вокруг глаз 160 мл,Beauty,1,1,0,5.0,5.0,0.8162439336037801,1.0,1.0,0.8162439336037801,0.0,0.0,0.875,1.0,1.0,0.0,0.8125366885156105,0.16666666666666666,0.5495526962680757,54.95526962680757,100.0,581,93,1,-580
138646201,Велосипед TEAHOO ZT818 2025 10 дюймов бежевый,Sport,19,19,0,4.473684210526316,4.526315789473684,0.7631066774457068,0.5384615384615351,0.5576923076923027,0.7409864544823643,0.07692307692307031,13.0,0.5703124999997665,0.8819729089629648,1.0,0.29186907506437465,0.5714752682748695,0.7916666666666666,0.4982738435216126,49.82738435216126,89.47368421052632,624,72,448,-176
138742839,NeLus 86UT81 218 см черный,TVs,6,6,0,5.0,5.0,0.8689156227249176,1.0,1.0,0.8769022256735094,0.0,11.0,0.875,1.0,1.0,0.2748206328661577,0.856917495624427,0.5454545454545454,0.692248311625149,69.2248311625149,100.0,452,53,1,-451
138766585,"HYDRA Home Razor R5 15.6"" / 16 Гб / SSD 512 Гб / Win 11 / H31",Laptops,30,30,0,4.866666666666666,4.833333333333333,0.8254449771590953,0.9249999999999955,0.9166666666666624,0.8119187657927015,0.09999999999999751,30.0,0.875,1.0,1.0,0.3797851065638261,0.8588769948791906,0.8571428571428571,0.8041912015256952,80.41912015256952,97.33333333333333,205,45,235,30
138846842,SHOPIKON JS50-H1E белый,HomeAppliances,29,29,0,4.862068965517241,4.758620689655173,0.8075263701959694,0.8839779005524836,0.9447513812154706,0.7705361938712402,0.6850828729281836,181.0,0.875,0.9410723877405983,0.8218232044203307,0.5755421079114487,0.8654783962711071,0.8529411764705882,0.8096955782569154,80.96955782569154,97.24137931034483,183,33,247,64
138846863,"SHOPIKON SP-60W белый, черный",HomeAppliances,30,30,0,5.0,4.833333333333333,0.8239136392084059,1.0,0.9627976190476184,0.8126578482015852,0.14880952380952656,168.0,0.875,1.0,1.0,0.5673460656941481,0.9099389008191322,0.8571428571428571,0.8585680954585689,85.85680954585689,100.0,11,2,1,-10
138939522,Велосипед Roocky Balam-17 2025 17 дюймов белый,Sport,23,23,0,4.608695652173913,4.434782608695652,0.7896813497985642,0.7282608695652064,0.6521739130434628,0.810864247618812,0.3043478260869742,23.0,0.6640625000003454,1.0,1.0,0.3514799097235515,0.7207367068340907,0.8214285714285714,0.6505376002057156,65.05376002057156,92.17391304347827,501,63,404,-97
138971395,LG 65NANO80A6B 165 см черный,TVs,25,25,0,5.0,5.0,0.9022628697302087,1.0,1.0,0.7272183519905118,0.0,17.0,0.875,0.8544367039793147,1.0,0.31966343516013423,0.8588200927648781,0.8333333333333334,0.7956825329027999,79.56825329027998,100.0,233,25,1,-232
138975838,NeLus 24UP77 61 см черный,TVs,28,28,0,4.964285714285714,4.964285714285714,0.8922463588143049,0.9672131147540978,0.9672131147540978,0.8954234776990058,0.0,122.0,0.875,1.0,1.0,0.5322081415512727,0.8983685132939667,0.8484848484848485,0.8427491073873612,84.27491073873612,99.28571428571429,44,9,136,92
139299790,"HYDRA Home H21 15.6"" / 12 Гб / SSD 512 Гб / Win 11 / MKII",Laptops,30,30,0,4.966666666666667,4.833333333333333,0.756649935663453,0.9861111111111117,0.958333333333335,0.8193712598818274,0.1111111111111065,18.0,0.875,1.0,1.0,0.325643051323212,0.8642200535605863,0.8571428571428571,0.8098811367101968,80.98811367101968,99.33333333333334,181,40,121,-60
139304530,Мяч RRD тактильные мячики,Kids,28,28,0,4.964285714285714,4.892857142857143,0.7557686525317836,1.0,1.0,0.8274304366646367,0.0,7.0,0.875,1.0,1.0,0.2299778305721812,0.849325361221502,0.8484848484848485,0.7910495730315581,79.10495730315581,99.28571428571429,255,32,136,-119
139319298,AVANGARD AA10812DG серый,HomeAppliances,30,30,0,4.9,4.833333333333333,0.8224042298407152,0.9812500000000003,0.9625000000000007,0.8323190729927525,0.07499999999999858,40.0,0.875,1.0,1.0,0.41070606239990254,0.8786831916756277,0.8571428571428571,0.8252832356475756,82.52832356475756,98.00000000000001,97,15,204,107
139389048,"Round Lab Round Lab набор миниатюр с берёзовым соком: пенка, тонер, ампула, крем, 4 шт набор по уходу за лицом унисекс",Beauty,27,27,0,5.0,4.925925925925926,0.7647982446873143,1.0,1.0,0.816945329442268,0.0,8.0,0.875,1.0,1.0,0.2430041583027405,0.8515164416839235,0.84375,0.7917222817365942,79.17222817365942,100.0,252,18,1,-251
139514916,"Biraz EVO N95 15.6"" / 16 Гб / SSD 512 Гб / Win 11 / BRZ-EVO-N95",Laptops,29,29,0,4.9655172413793105,5.0,0.810186305562389,1.0,1.0,0.8332591185800886,0.0,18.0,0.875,1.0,1.0,0.325643051323212,0.8656913550851173,0.8529411764705882,0.809921250873969,80.9921250873969,99.3103448275862,180,39,129,-51
139522436,"YAMI Notebook N10 14.1"" / 12 Гб / SSD 256 Гб / Win 11 Pro / 2000000013855 + подарок",Laptops,29,29,0,4.379310344827586,4.413793103448276,0.8202448464519871,0.8061797752808932,0.8089887640449379,0.8098291436986867,0.011235955056178644,89.0,0.875,1.0,1.0,0.4976607638290653,0.8140040034737612,0.8529411764705882,0.7551481250893947,75.51481250893947,87.58620689655172,354,59,476,122
139697403,"Mizone Pascal 1060 15.6"" / 16 Гб / SSD 512 Гб / Win 10 / Mizone Pascal 1060 + подарок",Laptops,29,29,0,4.9655172413793105,4.862068965517241,0.8373844128843003,0.9795918367346931,0.9642857142857143,0.836102079569961,0.0612244897959151,49.0,0.875,1.0,1.0,0.432653934195256,0.8824113064393984,0.8529411764705882,0.8276393960311448,82.76393960311448,99.3103448275862,90,24,129,39
139822011,Велосипед BMX BMX D-20 SILVER 2025 20 дюймов серебристый,Sport,26,26,0,4.769230769230769,4.8076923076923075,0.7840649185704621,0.9473684210526335,0.9342105263157919,0.7909613174241908,0.05263157894736635,19.0,0.875,0.981922634846418,1.0,0.3313158823837186,0.8572681575498401,0.8387096774193549,0.7959730154918028,79.59730154918027,95.38461538461537,232,24,325,93
139881309,Наушники ALICOM S62 черный,Headphones,30,30,0,4.833333333333333,4.833333333333333,0.8088283636229725,0.9375000000000008,0.9375000000000008,0.7987021672693244,0.05555555555555497,36.0,0.875,0.9974043345366541,1.0,0.3993529278314313,0.8663185542528016,0.8571428571428571,0.8121158740835503,81.21158740835503,96.66666666666666,169,17,278,109
139904100,Realme Note 60X 4 ГБ/128 ГБ черный + подарок,Smartphones,30,30,0,4.9,4.8,0.8168168310121459,0.9779411764705888,0.9558823529411775,0.8169673441984612,0.08823529411764539,136.0,0.875,1.0,1.0,0.5441300065903343,0.902843245963957,0.8571428571428571,0.8510117838728253,85.10117838728253,98.00000000000001,26,5,204,178
140030285,Велосипед PEGAS P1-001 2026 20 дюймов черный-желтый,Sport,15,15,0,3.7333333333333334,3.8,0.7727030137833072,0.4479166666666465,0.45833333333331244,0.7404383597483107,0.12499999999999219,24.0,0.44642857142873205,0.8808767194948598,1.0,0.35599465733786223,0.49217977592610007,0.75,0.4244766909521303,42.44766909521303,74.66666666666667,652,74,585,-67
140083429,Наушники Bowers & Wilkins PX7 S3 черный,Headphones,8,8,0,5.0,5.0,0.8282906038705403,1.0,1.0,0.8539938911850591,0.0,19.0,0.875,1.0,1.0,0.3313158823837186,0.8666819429084344,0.6153846153846154,0.7243610235855287,72.43610235855287,100.0,413,45,1,-412
140150768,Велосипед biss-1024 2024 24 дюйма черный-серый,Sport,25,25,0,4.88,4.6,0.7801068531811624,0.9615384615384626,0.9423076923076938,0.8524506519690355,0.07692307692307472,13.0,0.875,1.0,1.0,0.29186907506437465,0.854144872682975,0.8333333333333334,0.7908420913708024,79.08420913708024,97.6,256,27,228,-28
140250989,LG 43UA75009LA 109 см черный,TVs,30,30,0,4.933333333333334,4.8,0.878421853208618,0.8833333333333265,0.8833333333333265,0.8885036615177896,0.0,30.0,0.875,1.0,1.0,0.3797851065638261,0.8418222707708745,0.8571428571428571,0.7860292683424117,78.60292683424117,98.66666666666667,274,32,167,-107
140391056,Велосипед Calliven biss-1024 2024 24 дюйма черный-серый,Sport,9,9,0,5.0,4.888888888888889,0.832323441236482,1.0,1.0,0.8818064057767873,0.0,6.0,0.875,1.0,1.0,0.2152097982069809,0.8468554672820275,0.6428571428571429,0.7185419186051516,71.85419186051516,100.0,423,54,1,-422
140457002,LG F2Y1WS5J черный,HomeAppliances,29,29,0,5.0,5.0,0.8918929468809508,1.0,1.0,0.8571417494147385,0.0,26.0,0.875,1.0,1.0,0.36450623745411076,0.8725231701599453,0.8529411764705882,0.8171609305008951,81.71609305008951,100.0,140,23,1,-139
140457196,LG F2Y1WS3W белый,HomeAppliances,30,30,0,4.966666666666667,4.966666666666667,0.8655620672999933,0.9801980198019792,0.9801980198019792,0.8813754543890437,0.0,101.0,0.875,1.0,1.0,0.511503301600483,0.8970869560213723,0.8571428571428571,0.8448817900566337,84.48817900566337,99.33333333333334,37,6,121,84
140458773,Vivo V50 Lite 8 ГБ/128 ГБ золотистый,Smartphones,20,20,0,5.0,4.95,0.8417400016774165,1.0,0.8749999999999907,0.7999044042574088,0.5000000000000373,10.0,0.875,0.9998088085128181,0.937500000000133,0.26519752622233833,0.8547941547764615,0.8,0.7798537462193963,77.98537462193963,100.0,296,23,1,-295
140498433,Интерактивная игрушка танцующий осьминог,Kids,30,28,2,3.4285714285714284,3.392857142857143,0.7417490336416674,0.5625000000000038,0.5625000000000037,0.7324378420608896,0.18181818181818024,44.0,0.5749999999997636,0.8648756841200494,1.0,0.4210014869716716,0.5939531620611783,0.8484848484848485,0.5218453472408031,52.184534724080315,68.57142857142857,610,66,618,8
140576168,"Набор из 3ех средств : крем для рук,спрей для тела,жидкое мыло с ароматом арбуза и дыни набор для тела для женщин",Beauty,2,2,0,5.0,5.0,0.6198491074852074,1.0,1.0,0.6198491074852074,0.0,0.0,0.875,0.6396982149691354,1.0,0.0,0.7927302166662371,0.2857142857142857,0.5779167036395289,57.79167036395289,100.0,557,89,1,-556
140906925,"Набор база ,крем для лица набор декоративной косметики для женщин",Beauty,6,6,0,4.5,5.0,0.7352897517904217,0.25,1.0,0.410003953531313,3.0,2.0,0.875,0.22000790706218606,0.0,0.12150207915137025,0.3960268068207911,0.5454545454545454,0.37991330381145594,37.991330381145595,90.0,667,116,434,-233
140979344,Велосипед HARLES FERDINAND 2025 17 дюймов синий,Sport,16,16,0,5.0,5.0,0.8662627614582323,1.0,1.0,0.8471367839479407,0.0,4.0,0.875,1.0,1.0,0.17799732866893112,0.8406981789018185,0.7619047619047619,0.7531841771992983,75.31841771992983,100.0,362,44,1,-361
140979596,Велосипед HARLES FERDINAND 2025 17 дюймов серый,Sport,29,29,0,5.0,5.0,0.8546206074526104,1.0,1.0,0.7994990932322874,0.0,8.0,0.875,0.9989981864625769,1.0,0.2430041583027405,0.8515051386033277,0.8529411764705882,0.7948881064867928,79.48881064867928,100.0,235,25,1,-234
140981810,Велосипед HARLES ENTERPRISE 2025 21 дюйм голубой,Sport,24,24,0,5.0,4.791666666666667,0.8264716408915355,1.0,0.9479166666666666,0.8264716408915355,0.20833333333333334,0.0,0.875,1.0,1.0,0.0,0.8125366885156105,0.8275862068965517,0.7460547676759623,74.60547676759623,100.0,373,48,1,-372
140982329,Велосипед HARLES ENTERPRISE 2025 21 дюйм черный,Sport,16,16,0,4.75,5.0,0.8229337527933316,1.0,1.0,0.90869530373789,0.0,1.0,0.875,1.0,1.0,0.07665927685739374,0.8244063826227439,0.7619047619047619,0.7377624213358661,73.7762421335866,95.0,390,50,343,-47
140995473,Невская косметика крем «Пантенол» для лица 40 мл,Beauty,2,2,0,4.0,4.0,0.8170245514895873,0.6999999999999851,0.6999999999999851,0.8156012117319884,0.0,5.0,0.7500000000003023,1.0,1.0,0.19816135600876397,0.7052060060804906,0.2857142857142857,0.5468479148300037,54.684791483000375,80.0,592,103,542,-50
140995476,Невская косметика крем Крем для лица «Ретинол» для лица 40 мл,Beauty,26,26,0,4.846153846153846,4.923076923076923,0.741179234623186,0.9444444444444456,0.9722222222222229,0.8031451454387193,0.11111111111110882,18.0,0.875,1.0,1.0,0.325643051323212,0.855792152992432,0.8387096774193549,0.7944349900572146,79.44349900572146,96.9230769230769,239,15,271,32
141129497,"Брелок POP MART Labubu, 17 см",Kids,29,29,0,4.206896551724138,4.241379310344827,0.8586262972453649,0.8847517730496506,0.8882978723404301,0.8815950033902312,0.014184397163118952,141.0,0.875,1.0,1.0,0.5480944438944628,0.8671107117264967,0.8529411764705882,0.8114253441855397,81.14253441855396,84.13793103448276,171,19,513,342
141149021,Велосипед GESTALT Mantis 2025 one size синий,Sport,21,21,0,4.857142857142857,4.761904761904762,0.7928165217831487,0.949999999999999,0.9000000000000028,0.8148555512099946,0.19999999999998508,20.0,0.875,1.0,1.0,0.3367118773583512,0.8591548660939388,0.8076923076923077,0.78692054822937,78.692054822937,97.14285714285712,271,30,256,-15
141291438,"NEYRO Evobook 15 15.6"" / 16 Гб / SSD 512 Гб / Win 11 / GA15925030169",Laptops,30,30,0,4.933333333333334,4.933333333333334,0.8661475428174089,0.9693877551020383,0.9693877551020383,0.8655224723276095,0.0,49.0,0.875,1.0,1.0,0.432653934195256,0.8805666175029204,0.8571428571428571,0.8272889352891358,82.72889352891359,98.66666666666667,92,26,167,75
141407763,Наушники EXTELLA M89 черный,Headphones,24,24,0,4.958333333333333,4.958333333333333,0.8163575768514096,1.0,1.0,0.8520667786788169,0.0,29.0,0.875,1.0,1.0,0.37615868467769514,0.8745924159631414,0.8275862068965517,0.8098604386094433,80.98604386094433,99.16666666666666,182,20,157,-25
141492322,"HP 15-fc0940fi 15.6"" / 16 Гб / SSD 512 Гб / Win 11 Pro / BM0B013EA#UUQ",Laptops,27,27,0,4.7407407407407405,4.851851851851852,0.825784143251091,0.9236111111111118,0.9652777777777781,0.8185424637290847,0.27777777777777485,36.0,0.875,1.0,1.0,0.3993529278314313,0.8616364529734013,0.84375,0.8023309030673264,80.23309030673263,94.81481481481481,212,47,349,137
141757964,Apple MacBook Air 13 2025 / 16 Гб / SSD 512 Гб / macOS / MW0X3,Laptops,27,27,0,5.0,4.962962962962963,0.8564649237876458,1.0,1.0,0.8857021671659308,0.0,20.0,0.875,1.0,1.0,0.3367118773583512,0.8676262943062076,0.84375,0.8086099433483366,80.86099433483366,100.0,187,41,1,-186
141840486,Наушники FaizFull Faiz 92 белый,Headphones,28,28,0,4.857142857142857,4.642857142857143,0.768749306972751,0.986111111111111,0.986111111111111,0.8311733437660918,0.0,18.0,0.875,1.0,1.0,0.325643051323212,0.8642200535605862,0.8484848484848485,0.8067510242181746,80.67510242181746,97.14285714285712,200,22,256,56
141840496,Наушники FaizFull Faiz 92 черный,Headphones,26,26,0,4.769230769230769,4.961538461538462,0.7727588163065742,1.0,1.0,0.9063409173770142,0.0,1.0,0.875,1.0,1.0,0.07665927685739374,0.8244063826227439,0.8387096774193549,0.7617304073576269,76.17304073576268,95.38461538461537,345,34,325,-20
141842092,Невская косметика крем Крем для лица для всех типов кожи РЕТИНОЛ для лица 40 мл,Beauty,2,2,0,5.0,5.0,0.6468979625272334,1.0,1.0,0.6468979625272334,0.0,0.0,0.875,0.6937959250530793,1.0,0.0,0.7974194802832454,0.2857142857142857,0.5795812686783222,57.95812686783222,100.0,555,87,1,-554
141953968,"YAMI Notebook L12 15.6"" / 12 Гб / SSD 512 Гб / Win 11 Pro / Notebook L12",Laptops,28,28,0,4.75,4.821428571428571,0.8837421248362072,0.9121621621621624,0.9459459459459467,0.9095532309499624,0.13513513513513706,37.0,0.875,1.0,1.0,0.40230232818060574,0.8577676852217946,0.8484848484848485,0.7999491686173201,79.99491686173201,95.0,223,48,343,120
142024246,Велосипед GESTALT HERO 2025 19 дюймов серый,Sport,30,30,0,5.0,4.733333333333333,0.8050527283599263,1.0,0.9354838709677428,0.8194820487572521,0.25806451612902914,31.0,0.875,1.0,1.0,0.3832963842869687,0.8758646994817613,0.8571428571428571,0.8222817642325293,82.22817642325293,100.0,115,11,1,-114
142322855,"ASUS TUF Gaming F16 16"" / 16 Гб / SSD 512 Гб / Без ОС / FX607VJ-RL049 / 90NR0MZ6-M002P0",Laptops,26,26,0,4.961538461538462,4.961538461538462,0.8179624735323721,1.0,0.9924242424242428,0.8277620404897631,0.03030303030302893,33.0,0.875,1.0,1.0,0.3900012224491128,0.8770631314845546,0.8387096774193549,0.816599763042001,81.6599763042001,99.23076923076923,145,32,150,5
142370330,"Весна косметика крем Крем для лица Пантеноловый для лица, для зоны декольте 150 мл",Beauty,1,1,0,5.0,5.0,0.9545938131296008,1.0,1.0,0.9545938131296008,0.0,0.0,0.875,1.0,1.0,0.0,0.8125366885156105,0.16666666666666666,0.5495526962680757,54.95526962680757,100.0,581,93,1,-580
142514705,"Industria NT105 15.6"" / 16 Гб / M.2 512 Гб / Win 11 / INDNT05",Laptops,30,30,0,4.833333333333333,4.8,0.8201754874010181,0.8461538461538399,0.8461538461538399,0.8241026189470837,0.0,26.0,0.875,1.0,1.0,0.36450623745411076,0.8212038906917007,0.8571428571428571,0.7640723232187494,76.40723232187494,96.66666666666666,340,58,278,-62
142514708,"Industria NT107 15.6"" / 16 Гб / SSD 512 Гб / Win 11 / INDNT07",Laptops,28,28,0,4.964285714285714,4.785714285714286,0.8231932624588819,1.0,0.9264705882353006,0.8075560110241016,0.2941176470587977,17.0,0.875,1.0,1.0,0.31966343516013423,0.8646496488329706,0.8484848484848485,0.80720388816768,80.720388816768,99.28571428571429,197,43,136,-61
142549545,LG F2V5HS5W белый,HomeAppliances,30,30,0,4.533333333333333,4.5,0.7933547233614247,0.7444444444444301,0.7388888888888747,0.7957242599714842,0.06666666666666445,45.0,0.8430851063830564,0.9914485199409856,1.0,0.4234322652283419,0.7647659682195194,0.8571428571428571,0.7039703965951881,70.39703965951881,90.66666666666666,438,52,428,-10
142619054,"ThundeRobot 911 Plus SD 17.3"" / 16 Гб / SSD 512 Гб / Без ОС / JT009800KRU",Laptops,13,13,0,5.0,5.0,0.7761750830919437,1.0,1.0,0.6574206883774901,0.0,9.0,0.875,0.7148413767535506,1.0,0.2546566055263249,0.8362486277898199,0.7222222222222222,0.7360049435042765,73.60049435042765,100.0,394,61,1,-393
142671643,Mesoestetic добавка в косметику Aox glutathione для лица 60 г,Beauty,1,1,0,5.0,5.0,0.7727716025174817,1.0,1.0,0.7727716025174817,0.0,0.0,0.875,0.9455432050330723,1.0,0.0,0.8114426561344008,0.16666666666666666,0.5493261572096961,54.932615720969615,100.0,590,101,1,-589
142770564,Плакат MY LOVE Говорящий алфавит на казахском,Kids,30,30,0,3.933333333333333,4.033333333333333,0.756314156485632,0.6041666666666596,0.6197916666666591,0.77633427331427,0.1458333333333288,48.0,0.6214788732391029,0.9526685466266347,1.0,0.4304195964139618,0.6363001591551553,0.8571428571428571,0.5671644637788519,56.716446377885184,78.66666666666666,564,62,553,-11
142794287,Usma Комплекс с витамином С 3 средств набор по уходу за лицом унисекс,Beauty,5,5,0,4.8,5.0,0.646160217001111,0.95,1.0,0.646160217001111,0.2,0.0,0.875,0.6923204340008375,1.0,0.0,0.7888316907415588,0.5,0.6339324518847281,63.39324518847282,96.0,513,69,300,-213
142797753,"ACERTON N5095/16-512 15.6"" / 16 Гб / SSD 512 Гб / Win 11 Pro / N5095",Laptops,30,30,0,4.666666666666667,4.8,0.8209073004599298,0.8918918918918889,0.918918918918915,0.8409395279458675,0.18918918918919,74.0,0.875,1.0,1.0,0.47749673648923247,0.8605253010809301,0.8571428571428571,0.8059465173497129,80.5946517349713,93.33333333333333,202,44,379,177
142943464,"FYRIA F10 15.6"" / 16 Гб / SSD 512 Гб / Win 11 Pro / GA159250017 + подарок",Laptops,28,28,0,5.0,4.857142857142857,0.8131301442833514,1.0,0.9545454545454554,0.7721436513378791,0.18181818181817874,22.0,0.875,0.9442873026738697,1.0,0.34677298837094817,0.8681587180877776,0.8484848484848485,0.8109030232931653,81.09030232931653,100.0,173,38,1,-172
143121541,"ORION OWM55-2025 белый, розовый",HomeAppliances,30,28,2,4.642857142857143,4.678571428571429,0.779714843011064,0.6976190476190347,0.6999999999999869,0.8591970424342955,0.009523809523808643,105.0,0.750000000000306,1.0,1.0,0.5157575168008827,0.7296999675337672,0.8484848484848485,0.6649447675808939,66.49447675808939,92.85714285714286,482,56,394,-88
143144509,Bioderma крем Sebium сенситив для лица 30 мл,Beauty,6,6,0,4.833333333333333,5.0,0.683701273430926,0.9583333333333334,1.0,0.683701273430926,0.16666666666666666,0.0,0.875,0.7674025468603173,1.0,0.0,0.7963193323917264,0.5454545454545454,0.6511823316724821,65.1182331672482,96.66666666666666,499,66,278,-221
143358564,Велосипед IIEREC Fixed Premium Фикс Gray 2025 19 дюймов серебристый,Sport,10,10,0,5.0,4.9,0.7557259052467454,1.0,1.0,0.5744065611195645,0.0,9.0,0.875,0.5488131222380314,1.0,0.2546566055263249,0.8162558529756793,0.6666666666666666,0.7012912643312845,70.12912643312845,100.0,444,56,1,-443
143492448,SADOER Набор средств для лица Авокадо Средство для умывания + Крем вокруг глаз + Крем для лица. набор по уходу за лицом для женщин,Beauty,4,4,0,5.0,4.75,0.6184012310421554,1.0,0.9375,0.6184012310421554,0.25,0.0,0.875,0.6368024620830373,1.0,0.0,0.7924654035488602,0.4444444444444444,0.6210575363818085,62.10575363818085,100.0,525,72,1,-524
143551490,Bioaqua Комплексный набор от прыщей и акне с салициловой кислотой (пенка+сыворотка+крем) набор по уходу за лицом унисекс,Beauty,27,27,0,4.851851851851852,4.592592592592593,0.7307954772699119,0.8269230769230603,0.7884615384615231,0.7215598071925773,0.15384615384614944,13.0,0.875,0.8431196143834684,1.0,0.29186907506437465,0.7953002865815696,0.84375,0.7327919223633141,73.27919223633141,97.03703703703704,401,47,266,-135
143555344,AVANGARD AA16121W белый,HomeAppliances,29,29,0,4.862068965517241,4.758620689655173,0.7671941247203246,0.940476190476187,0.9166666666666637,0.7131207794586634,0.09523809523809354,21.0,0.875,0.8262415589156743,1.0,0.3418568030797321,0.8492474275030473,0.8529411764705882,0.7924956083179814,79.24956083179814,97.24137931034483,250,37,247,-3
143979932,"Acer Gadget ETBook Plus E10 15.6"" / 8 Гб / SSD 256 Гб / Win 11 / CW1629",Laptops,25,25,0,4.4,4.48,0.7923332531808769,0.7727272727272804,0.7500000000000083,0.7550607612763206,0.09090909090908783,11.0,0.875,0.910121522550821,1.0,0.2748206328661577,0.7666775621106321,0.8333333333333334,0.700283701526159,70.0283701526159,88.00000000000001,446,64,469,23
143983395,"Axis_ y крем для лица и сыворотка,сыворотка вокруг глаз набор по уходу за лицом для женщин",Beauty,28,26,2,4.230769230769231,4.6923076923076925,0.7216898958218341,0.48437499999998335,0.9531250000000017,0.5642117528863663,1.8750000000000733,112.0,0.875,0.5284235057716757,0.07812500000225886,0.5228299872967583,0.5544970253664402,0.8387096774193549,0.48047961147763735,48.047961147763736,84.61538461538461,635,111,507,-128
144190104,Natuma Эмолибейз Набор по уходу за лицом и телом Крем+Эмульсия,Beauty,27,27,0,5.0,4.777777777777778,0.669301838071607,1.0,0.875,0.5309204185456731,0.5,2.0,0.875,0.4618408370904225,0.9375000000001563,0.12150207915137025,0.7881655588116694,0.84375,0.7253127187296751,72.53127187296751,100.0,411,51,1,-410
144324831,Наушники ELERON M80 черный,Headphones,28,28,0,4.857142857142857,4.928571428571429,0.7635075734039815,1.0,1.0,0.849677316742111,0.0,20.0,0.875,1.0,1.0,0.3367118773583512,0.8676262943062076,0.8484848484848485,0.8103417612122442,81.03417612122442,97.14285714285712,175,19,256,81
144392065,Redmi 15C NFC 8 ГБ/256 ГБ черный,Smartphones,29,29,0,3.5517241379310347,3.310344827586207,0.7973738763011574,0.53177966101694,0.4872881355932121,0.805116868571125,0.4322033898305054,118.0,0.4818548387097353,1.0,0.9798728813559845,0.5285517437987,0.5675165865890348,0.8529411764705882,0.49394522208796393,49.394522208796396,71.0344827586207,627,60,609,-18
144403452,"ThundeRobot 911 X Wild Hunter G2D 15.6"" / 16 Гб / SSD 512 Гб / Без ОС / I5165SG45N",Laptops,21,21,0,4.904761904761905,4.857142857142857,0.8531855291550727,0.8593749999999956,0.8437499999999971,0.5948651013101047,0.18749999999998251,16.0,0.875,0.5897302026190301,1.0,0.313341945591719,0.7897399402456965,0.8076923076923077,0.7172638354059876,71.72638354059876,98.0952380952381,428,63,203,-225
144403511,"Lenovo IdeaPad 1 15IJL7 15.6"" / 8 Гб / SSD 512 Гб / Без ОС / 82LX00G9RK",Laptops,28,28,0,4.785714285714286,4.607142857142857,0.7800597023010075,0.88265306122448,0.8265306122448889,0.7812363991123069,0.22448979591836468,49.0,0.875,0.9624727982226889,1.0,0.432653934195256,0.8485538956438348,0.8484848484848485,0.7902363216508559,79.02363216508559,95.71428571428571,257,53,315,58
144482893,"Lenovo IdeaPad 1 15IJL7 15.6"" / 16 Гб / SSD 512 Гб / Win 11 Pro / 82LX13G9RK",Laptops,29,29,0,4.793103448275862,4.689655172413793,0.8428148710857123,0.8571428571428571,0.8571428571428571,0.8609098545536716,0.0,7.0,0.875,1.0,1.0,0.2299778305721812,0.8080887345215518,0.8529411764705882,0.7488797100851763,74.88797100851762,95.86206896551724,369,60,308,-61
144482915,"Lenovo IdeaPad 1 15IJL7 15.6"" / 16 Гб / SSD 1000 Гб / Win 11 Pro / 82LX14G9RK",Laptops,26,26,0,4.923076923076923,4.961538461538462,0.8463660439287414,0.9791666666666666,1.0,0.8587452133354251,0.08333333333333333,12.0,0.875,1.0,1.0,0.28367303284707407,0.8559469717749248,0.8387096774193549,0.7945963142374355,79.45963142374355,98.46153846153847,238,51,193,-45
144510242,Наушники беспроводные Акс Flow BH-04 с мощным звуком и микрофоном,Headphones,30,30,0,4.833333333333333,4.833333333333333,0.7742492856854197,1.0,1.0,0.6365732940783819,0.0,2.0,0.875,0.6731465881554176,1.0,0.12150207915137025,0.812683683783662,0.8571428571428571,0.7549989762921875,75.49989762921875,96.66666666666666,355,38,278,-77
144760082,Usma Комплекс с муцином улитки 4 средств и сыворотка 10% с витамином С набор по уходу за лицом унисекс,Beauty,7,7,0,4.857142857142857,4.428571428571429,0.6788751369075215,1.0,0.6666666666666666,0.664499836858636,1.3333333333333333,3.0,0.687500000000375,0.7289996737158141,0.416666666668125,0.15331855371478748,0.7828714826126764,0.5833333333333334,0.6519349386184863,65.19349386184862,97.14285714285712,498,65,256,-242
144775425,Lenox 43UP77 109 см черный,TVs,29,29,0,4.862068965517241,4.862068965517241,0.8736695688722738,0.9609375000000004,0.9687500000000003,0.8650879573728559,0.09374999999999888,32.0,0.875,1.0,1.0,0.38669960537370857,0.8705251649015519,0.8529411764705882,0.8150436428101058,81.50436428101058,97.24137931034483,151,19,247,96
144817763,Samsung Galaxy A07 6 ГБ/128 ГБ черный,Smartphones,29,29,0,3.6206896551724137,3.689655172413793,0.7838036020794299,0.35206422018347727,0.36353211009173436,0.8449879065758527,0.04587155963302839,218.0,0.35922712933717527,1.0,1.0,0.5960095537092486,0.44043962422174876,0.8529411764705882,0.35928166848976206,35.928166848976204,72.41379310344827,671,68,601,-70
144817894,Samsung Galaxy A07 6 ГБ/128 ГБ лавандовый,Smartphones,30,28,2,4.428571428571429,4.25,0.7731476060937024,0.8153846153846088,0.7576923076922971,0.7748266693721645,0.4769230769230782,65.0,0.875,0.9496533387424297,0.9519230769231963,0.4633588822311023,0.8142486785928269,0.8484848484848485,0.7540729905319405,75.40729905319405,88.57142857142858,359,28,461,102
144818051,Samsung Galaxy A07 6 ГБ/128 ГБ зеленый,Smartphones,30,29,1,4.448275862068965,4.172413793103448,0.7663717272578542,0.7926829268292581,0.731707317073163,0.801698278931394,0.24390243902438047,82.0,0.823863636363793,1.0,1.0,0.48870591274442593,0.800562938975937,0.8529411764705882,0.7409046188259368,74.09046188259369,88.96551724137932,385,31,455,70
145107796,Наушники ARTEO Quantum черный,Headphones,30,30,0,4.833333333333333,4.766666666666667,0.8432500554170338,0.7836538461538237,0.764423076923055,0.8629575466061054,0.07692307692307469,52.0,0.875,1.0,1.0,0.4390982399434889,0.7937047234396706,0.8571428571428571,0.734787883608039,73.4787883608039,96.66666666666666,395,43,278,-117
145118631,"Белая косметика крем Крем-корректор Увлажняющий для век, лица и шеи для лица, для зоны декольте, для области вокруг глаз 50 мл",Beauty,3,3,0,5.0,5.0,0.7756113226461103,1.0,1.0,0.828069670379891,0.0,1.0,0.875,1.0,1.0,0.07665927685739374,0.8244063826227439,0.375,0.6170236917512466,61.70236917512466,100.0,528,74,1,-527
145161828,Крем для кожи вокруг глаз с лазерным аппликатором набор по уходу за лицом для женщин,Beauty,30,30,0,4.933333333333334,4.633333333333334,0.7312218343003287,1.0,1.0,0.8411203467452891,0.0,7.0,0.875,1.0,1.0,0.2299778305721812,0.849325361221502,0.8571428571428571,0.7940194666339211,79.40194666339211,98.66666666666667,241,16,167,-74
145181790,Lenox 55UP77 140 см черный,TVs,28,28,0,4.892857142857143,4.928571428571429,0.832670008317451,0.975,0.9249999999999999,0.6934607922650242,0.2,10.0,0.875,0.7869215845284746,1.0,0.26519752622233833,0.8413993531080456,0.8484848484848485,0.7826942591610192,78.26942591610192,97.85714285714286,288,35,216,-72
145191390,Samsung UE75U8000FUXCE 191 см черный,TVs,21,20,1,5.0,5.0,0.8818857141973601,1.0,1.0,0.8818857141973601,0.0,0.0,0.875,1.0,1.0,0.0,0.8125366885156105,0.8,0.7378529420867634,73.78529420867635,100.0,389,45,1,-388
145214483,"Castom E157D 15.6"" / 16 Гб / SSD 1000 Гб / Win 11 / 101725124",Laptops,29,29,0,4.413793103448276,4.448275862068965,0.8004710106419712,0.6918238993710638,0.7138364779874163,0.8010493941570906,0.1383647798742137,159.0,0.780219780220052,1.0,1.0,0.5612937129558998,0.7333731471943099,0.8529411764705882,0.6697035454111822,66.97035454111821,88.27586206896552,478,66,465,-13
145214512,"Castom GS-R7 15.6"" / 32 Гб / SSD 1000 Гб / Win 11 / 101725188",Laptops,29,29,0,5.0,4.9655172413793105,0.7829206309549842,1.0,0.9882075471698107,0.7681463633060271,0.04716981132075676,106.0,0.875,0.9362927266101818,1.0,0.5167959841355053,0.8985488197657753,0.8529411764705882,0.844740331167502,84.4740331167502,100.0,38,9,1,-37
145236490,Samsung QE65Q7FAAUXCE 165 см черный,TVs,25,25,0,4.96,4.84,0.8288350823950956,1.0,1.0,0.7875851773957221,0.0,9.0,0.875,0.9751703547894939,1.0,0.2546566055263249,0.8531000164360186,0.8333333333333334,0.7897603100890371,78.97603100890372,99.2,260,28,152,-108
145296113,Henlics Coverage Foundation тональный крем набор по уходу за лицом для женщин,Beauty,13,13,0,4.3076923076923075,4.230769230769231,0.6656664854185764,0.8095238095238086,0.8095238095238086,0.8123036118845025,0.0,21.0,0.875,1.0,1.0,0.3418568030797321,0.7982797724672396,0.7222222222222222,0.701935697948916,70.1935697948916,86.15384615384615,440,54,492,52
145362521,Samsung QE55S85FAEXCE 140 см черный,TVs,4,4,0,5.0,4.5,0.7015456952508643,1.0,0.5,0.3066023384718746,2.0,1.0,0.5,0.013204676943722862,2.499889184548465e-12,0.07665927685739374,0.6559950854454751,0.4444444444444444,0.5457011870551969,54.57011870551968,100.0,594,73,1,-593
145417562,Samsung UE43U8000FUXCE 109 см черный,TVs,15,15,0,4.933333333333334,5.0,0.909117358477404,1.0,1.0,0.977925209273514,0.0,5.0,0.875,1.0,1.0,0.19816135600876397,0.8440228175278458,0.75,0.7523260921204531,75.2326092120453,98.66666666666667,363,42,167,-196
145434823,Samsung UE50U8000FUXCE 127 см черный,TVs,21,21,0,5.0,4.904761904761905,0.9229341632020054,1.0,1.0,0.9631473005744385,0.0,5.0,0.875,1.0,1.0,0.19816135600876397,0.8440228175278458,0.8076923076923077,0.771735791514334,77.1735791514334,100.0,318,39,1,-317
145438959,Apple iPhone 17 Pro 256Gb NanoSIM+eSIM темно-синий,Smartphones,29,29,0,3.9310344827586206,3.896551724137931,0.8480023326773637,0.8161559888579392,0.8140668523676886,0.9181851802785731,0.00835654596100263,718.0,0.875,1.0,1.0,0.7274848821338895,0.842132376936822,0.8529411764705882,0.7849557838255643,78.49557838255643,78.62068965517241,278,21,556,278
145440732,Apple iPhone 17 Pro Max 256Gb NanoSIM+eSIM темно-синий,Smartphones,29,29,0,4.068965517241379,4.137931034482759,0.7999678206434678,0.696210268948655,0.6943765281173587,0.8250135694750771,0.11002444987774886,409.0,0.7385000000003459,1.0,1.0,0.6653626679262274,0.7364059097914752,0.8529411764705882,0.6729173662402763,67.29173662402764,81.37931034482759,474,44,536,62
145466647,Apple iPhone 17 256Gb NanoSIM+eSIM черный,Smartphones,29,29,0,4.413793103448276,4.310344827586207,0.8042869849122017,0.8289473684210512,0.8260233918128644,0.8329114863180115,0.128654970760234,342.0,0.875,1.0,1.0,0.6456293946209427,0.8440134642833725,0.8529411764705882,0.786949173516317,78.6949173516317,88.27586206896552,270,19,465,195
145466665,Apple iPhone 17 256Gb NanoSIM+eSIM фиолетовый,Smartphones,29,28,1,4.964285714285714,5.0,0.8916532022854929,0.9932432432432435,1.0,0.8865288400637715,0.027027027027026147,148.0,0.875,1.0,1.0,0.5534162382902904,0.9067488838239681,0.8484848484848485,0.8515833938437047,85.15833938437048,99.28571428571429,23,4,136,113
145467562,Apple iPhone 17 Pro 256Gb NanoSIM+eSIM серебристый,Smartphones,27,27,0,3.888888888888889,3.814814814814815,0.8006879254450113,0.6096014492753608,0.5987318840579696,0.8279342613520946,0.04347826086956458,276.0,0.6061688311685256,1.0,1.0,0.6219936070566743,0.6492955940378103,0.84375,0.579737893923921,57.973789392392106,77.77777777777779,554,54,565,11
145467625,Apple iPhone 17 Pro 256Gb NanoSIM+eSIM оранжевый,Smartphones,29,29,0,2.9310344827586206,2.7586206896551726,0.776024352557047,0.5197187928669409,0.48988340192043894,0.7768406439789249,0.11934156378600798,1458.0,0.48541529334217864,0.9536812879559425,1.0,0.8057475803311913,0.5704749794316567,0.8529411764705882,0.49708023323164796,49.708023323164795,58.620689655172406,625,59,659,34
145467681,Apple iPhone 17 Pro 1024Gb NanoSIM+eSIM оранжевый,Smartphones,27,27,0,4.703703703703703,4.407407407407407,0.7829005038034486,0.9224806201550392,0.8527131782945762,0.8761430498666334,0.2790697674418513,129.0,0.875,1.0,1.0,0.5383296383733989,0.8842592123707407,0.84375,0.8260459248234947,82.60459248234947,94.07407407407406,95,11,368,273
145468150,Apple iPhone 17 Pro Max 256Gb NanoSIM+eSIM серебристый,Smartphones,30,30,0,4.333333333333333,4.233333333333333,0.7717049589069831,0.7139830508474557,0.7055084745762694,0.830377836099453,0.11299435028248506,354.0,0.7616906474823268,1.0,1.0,0.6494324957060003,0.7517167766869635,0.8571428571428571,0.6900740390109229,69.00740390109229,86.66666666666666,455,41,485,30
145468241,Apple iPhone 17 Pro Max 256Gb NanoSIM+eSIM оранжевый,Smartphones,30,30,0,3.1333333333333333,3.1333333333333333,0.8595076351976989,0.3622733612273349,0.3622733612273349,0.9046576341259845,0.0,717.0,0.3574350336858816,1.0,1.0,0.7273309559315053,0.45183287461237476,0.8571428571428571,0.37072138589088455,37.07213858908845,62.66666666666667,668,67,644,-24
145468599,Apple iPhone Air 256Gb голубой,Smartphones,28,28,0,4.714285714285714,4.571428571428571,0.8602374876468597,0.7536945812807835,0.7241379310344783,0.8760302505070826,0.11822660098522096,203.0,0.8046875000002176,1.0,1.0,0.5881625784578767,0.7812368556034893,0.8484848484848485,0.7192731091078596,71.92731091078596,94.28571428571428,421,38,365,-56
145494838,Samsung QE43Q7FAAUXCE 109 см черный,TVs,28,28,0,4.964285714285714,4.964285714285714,0.847788580132716,1.0,1.0,0.7663873457923283,0.0,5.0,0.875,0.932774691582791,1.0,0.19816135600876397,0.8424896847319181,0.8484848484848485,0.7838436477069334,78.38436477069334,99.28571428571429,287,34,136,-151
145494890,Samsung QE55Q7FAAUXCE 140 см черный,TVs,30,30,0,5.0,5.0,0.8932160476594384,1.0,1.0,0.9023728849091348,0.0,11.0,0.875,1.0,1.0,0.2748206328661577,0.856917495624427,0.8571428571428571,0.8021044896966627,80.21044896966627,100.0,216,22,1,-215
145495206,Samsung QE75Q7FAAUXCE 191 см черный,TVs,16,16,0,5.0,4.75,0.8297693954233508,1.0,0.75,0.8153586543381892,1.0,4.0,0.875,1.0,0.6250000000009375,0.17799732866893112,0.8317851231551007,0.7619047619047619,0.7447471106310407,74.47471106310407,100.0,376,44,1,-375
145530350,"Диван Shabyt Честер, 400х90 см, обивка велюр, темно-коричневый",Furniture,5,5,0,4.4,4.6,0.7719983757741461,0.5833333333333229,0.5833333333333229,0.7684630994870261,0.0,6.0,0.59374999999971,0.9369261989721783,1.0,0.2152097982069809,0.6034204559237895,0.5,0.5187542708637143,51.87542708637143,88.00000000000001,612,50,469,-143
145532437,MEDI-PEEL крем Моделирующий крем для шеи и зоны декольте для зоны декольте 100 мл,Beauty,11,11,0,4.7272727272727275,4.818181818181818,0.7204479709857231,0.9318181818181818,0.9545454545454546,0.7204479709857231,0.2727272727272727,0.0,0.875,0.8408959419697645,1.0,0.0,0.7947442909183573,0.6875,0.6892074004383373,68.92074004383373,94.54545454545456,457,59,358,-99
145532472,"MEDI-PEEL крем Пептидный лифтинг-крем для лица, для зоны декольте 50 г",Beauty,4,4,0,5.0,5.0,0.7053639737390065,1.0,1.0,0.7053639737390065,0.0,0.0,0.875,0.8107279474763917,1.0,0.0,0.8056682197054955,0.4444444444444444,0.6283478837644586,62.83478837644586,100.0,519,71,1,-518
145538284,СпивакЪ эмульсия Регенерирующая эмульсия с Ниацинамидом для лица 30 мл,Beauty,2,2,0,3.0,3.0,0.731369386757991,0.0,0.0,0.7713933998207811,0.0,2.0,0.125,0.9427867996396768,1.0,0.12150207915137025,0.2548642465588151,0.2857142857142857,0.3869884550867881,38.69884550867881,60.0,665,115,652,-13
145554533,Наушники Apple AirPods Pro 3 белый,Headphones,29,29,0,3.9655172413793105,3.6551724137931036,0.7683393590519415,0.6274038461538448,0.5649038461538445,0.7721675841177121,0.38461538461538175,312.0,0.5772900763356309,0.9443351682335357,1.0,0.6355068499400196,0.6529000599117624,0.8529411764705882,0.5844261536588916,58.44261536588916,79.3103448275862,549,55,549,0
145567364,"Диван Shabyt Честер, 400х90 см, обивка велюр, графит",Furniture,26,26,0,5.0,5.0,0.841549420658033,1.0,1.0,0.896197338318427,0.0,1.0,0.875,1.0,1.0,0.07665927685739374,0.8244063826227439,0.8387096774193549,0.7617304073576269,76.17304073576268,100.0,345,23,1,-344
145683160,"ORION ORION XPB 70-88S белый, серый",HomeAppliances,25,25,0,4.0,4.16,0.693222006731656,0.6180555555555455,0.6111111111110961,0.6581481700438653,0.4722222222222233,36.0,0.615384615384285,0.7162963400862981,0.9548611111112233,0.3993529278314313,0.6269263920170225,0.8333333333333334,0.5555937498199743,55.559374981997436,80.0,572,62,542,-30
145945773,BIDALLI крем Calming Pure Facial для лица 80 мл,Beauty,1,1,0,5.0,5.0,0.8605328441532685,1.0,1.0,0.8605328441532685,0.0,0.0,0.875,1.0,1.0,0.0,0.8125366885156105,0.16666666666666666,0.5495526962680757,54.95526962680757,100.0,581,93,1,-580
145980586,Samsung WW65AK4S21CXLT черный,HomeAppliances,28,27,1,4.962962962962963,4.925925925925926,0.8299276320340471,0.9599999999999971,0.9549999999999974,0.8230992178486362,0.019999999999998654,50.0,0.875,1.0,1.0,0.43484402474308925,0.878876541660745,0.84375,0.820403370316689,82.0403370316689,99.25925925925925,127,21,146,19
145980587,Samsung WW65AK4S21CELT белый,HomeAppliances,29,29,0,4.758620689655173,4.758620689655173,0.8022765212645674,0.7847222222222059,0.7847222222222059,0.8070713429143079,0.0,36.0,0.875,1.0,1.0,0.3993529278314313,0.790187923350243,0.8529411764705882,0.7299102068824509,72.99102068824509,95.17241379310344,404,49,336,-68
146025818,Наушники JASPER JS70 бежевый,Headphones,30,30,0,4.833333333333333,4.833333333333333,0.7989864591586652,0.9625000000000005,0.9625000000000005,0.7819012294810703,0.09999999999999905,40.0,0.875,0.9638024589602131,1.0,0.41070606239990254,0.8744571198231718,0.8571428571428571,0.8207828031501285,82.07828031501285,96.66666666666666,123,12,278,155
146068694,Samsung Galaxy A17 8 ГБ/256 ГБ серый,Smartphones,30,30,0,4.7,4.733333333333333,0.7665605932481583,0.7925531914893422,0.8351063829787102,0.7514583531099853,0.2553191489361918,47.0,0.875,0.9029167062181649,1.0,0.42813918658094524,0.7948721757024417,0.8571428571428571,0.7360311279933751,73.60311279933751,94.0,393,34,370,-23
146099609,Acron LD55D7500 140 см черный,TVs,29,28,1,4.607142857142857,4.642857142857143,0.7918849648721793,0.7916666666666666,0.7291666666666666,0.7523277025718923,0.25,12.0,0.8173076923078875,0.9046554051419754,1.0,0.28367303284707407,0.773571005948093,0.8484848484848485,0.711192044965816,71.1192044965816,92.14285714285714,433,49,405,-28
146297232,Lenox 32G9000 81 см черный,TVs,30,30,0,4.933333333333334,4.9,0.8829484869115024,0.973684210526316,0.967105263157895,0.880533135911193,0.026315789473683945,38.0,0.875,1.0,1.0,0.4051751119984443,0.8764306421298707,0.8571428571428571,0.822884448421101,82.2884448421101,98.66666666666667,110,13,167,57
146314275,Наушники JDS Sound360 Pro черный,Headphones,15,15,0,5.0,5.0,0.8416797842641482,1.0,1.0,0.8379349147881178,0.0,6.0,0.875,1.0,1.0,0.2152097982069809,0.8468554672820275,0.75,0.7549655717060101,75.49655717060101,100.0,356,39,1,-355
146353114,Vivo V60 12 ГБ/512 ГБ золотистый,Smartphones,11,11,0,5.0,5.0,0.8885200455638848,1.0,1.0,0.8881565014665157,0.0,8.0,0.875,1.0,1.0,0.2430041583027405,0.8515164416839235,0.6875,0.7376996369705583,73.76996369705583,100.0,391,32,1,-390
146379026,Samsung KZ WW70AKAS22AELT белый,HomeAppliances,28,28,0,5.0,4.857142857142857,0.7947313246749313,1.0,0.9642857142857152,0.7935840639474698,0.14285714285713902,42.0,0.875,0.9871681278929654,1.0,0.4159735321322259,0.8815773294767568,0.8484848484848485,0.8250484428103826,82.50484428103826,100.0,99,16,1,-98
146379058,Samsung KZ WW70AKAS22AXLT серый,HomeAppliances,27,27,0,4.777777777777778,4.703703703703703,0.845108791284087,0.8783783783783707,0.8648648648648575,0.8658865998221187,0.16216216216215887,37.0,0.875,1.0,1.0,0.40230232818060574,0.8428078074826105,0.84375,0.7825931809967905,78.25931809967905,95.55555555555554,289,42,319,30
146383379,Черный жемчуг Мультиуход крем для лица и век 46 мл&#43; мицеллярная вода 250 мл набор по уходу за лицом для женщин,Beauty,2,2,0,5.0,5.0,0.6845311974318542,1.0,1.0,0.4240442606396797,0.0,1.0,0.875,0.24808852127886327,1.0,0.07665927685739374,0.7558219099078061,0.2857142857142857,0.5648152271415323,56.48152271415323,100.0,566,91,1,-565
146437491,Round Lab Travel-набор средств с берёзовым соком Round Lab набор по уходу за лицом унисекс,Beauty,8,7,1,5.0,5.0,0.7991771141719293,1.0,1.0,0.7991771141719293,0.0,0.0,0.875,0.9983542283418619,1.0,0.0,0.8125142764456462,0.5833333333333334,0.6734181940622805,67.34181940622805,100.0,473,62,1,-472
146812554,Samsung QE50Q7FAAUXCE 127 см черный,TVs,26,26,0,4.923076923076923,4.8076923076923075,0.8726643994334711,0.6999999999999851,0.6999999999999851,0.8043068409216939,0.0,5.0,0.7500000000003023,1.0,1.0,0.19816135600876397,0.7052060060804906,0.8387096774193549,0.6375212983719465,63.75212983719465,98.46153846153847,508,61,193,-315
146812745,Samsung UE32H5000FUXCE 81 см черный,TVs,30,30,0,4.933333333333334,4.933333333333334,0.8656980865146848,0.9880952380952382,0.9761904761904766,0.8345494925589411,0.04761904761904677,21.0,0.875,1.0,1.0,0.3418568030797321,0.8673193865740632,0.8571428571428571,0.8131816814006888,81.31816814006888,98.66666666666667,163,20,167,4
146846620,Xiaomi A 2026 L43MB-AURU 109 см черный,TVs,28,27,1,4.666666666666667,4.62962962962963,0.7608679091016727,0.7941176470588144,0.7892156862745011,0.7521390438346296,0.05882352941175997,51.0,0.875,0.9042780876674507,1.0,0.43699158656186154,0.7968487452242118,0.84375,0.7344151430214936,73.44151430214936,93.33333333333333,397,46,379,-18
146846634,Xiaomi A 2026 L50MB-ARU 127 см черный,TVs,30,30,0,4.2,4.3,0.8076138508012516,0.43110236220470827,0.5275590551180971,0.7373826093827583,0.417322834645678,127.0,0.5372340425530414,0.8747652187637672,0.9891732283464784,0.5366149380017562,0.5080369355942699,0.8571428571428571,0.43057426851152036,43.05742685115204,84.00000000000001,649,77,514,-135
146846674,Xiaomi A 2026 L55MB-ARU 140 см черный,TVs,30,30,0,4.733333333333333,4.733333333333333,0.8214074738385071,0.8703703703703655,0.8703703703703655,0.8164770810160884,0.0,54.0,0.875,1.0,1.0,0.4431948548912695,0.844664743131771,0.8571428571428571,0.7890562767399714,78.90562767399713,94.66666666666667,265,30,352,87
146846693,Xiaomi A Pro 2026 L55MB-APRU 140 см черный,TVs,30,30,0,4.766666666666667,4.8,0.793926833954864,0.8653846153846095,0.8692307692307631,0.8104803138625142,0.0461538461538427,65.0,0.875,1.0,1.0,0.4633588822311023,0.8448243829526669,0.8571428571428571,0.7892262805314185,78.92262805314185,95.33333333333334,264,29,331,67
146846746,Xiaomi A Pro 2026 L50MB-APRU 127 см черный,TVs,29,29,0,4.241379310344827,4.103448275862069,0.7134270940122284,0.5833333333333178,0.5544871794871641,0.6888202603106462,0.5000000000000239,78.0,0.5671052631576587,0.7776405206197373,0.9375000000001413,0.4832432736228172,0.6024030565466043,0.8529411764705882,0.5309144408154698,53.09144408154698,84.82758620689654,604,74,502,-102
146846773,Xiaomi A Pro 2026 L75MB-APRU 191 см черный,TVs,24,24,0,4.875,4.75,0.8583493296957938,0.7115384615384511,0.743589743589737,0.8849254767252472,0.33333333333332693,39.0,0.8562500000000524,1.0,1.0,0.40797515924111233,0.743421395944558,0.8275862068965517,0.6749904550709975,67.49904550709975,97.5,471,55,231,-240
146846851,Xiaomi A Pro 2026 L65MB-APRU 165 см черный,TVs,29,29,0,4.827586206896552,4.620689655172414,0.7886905831373385,0.6749999999999775,0.5999999999999762,0.7632258933357295,0.3000000000000056,40.0,0.6071428571425329,0.9264517866696063,1.0,0.41070606239990254,0.6766702323290353,0.8529411764705882,0.609615423434638,60.961542343463805,96.55172413793103,537,67,287,-250
146896351,LG 43UA73006LA 109 см черный,TVs,9,9,0,5.0,4.888888888888889,0.8936821359165078,1.0,1.0,0.8281422738013788,0.0,6.0,0.875,1.0,1.0,0.2152097982069809,0.8468554672820275,0.6428571428571429,0.7185419186051516,71.85419186051516,100.0,423,47,1,-422
147064622,"MERAR Merar набор для ухода за лицом (пенка, тоник, крем) набор по уходу за лицом унисекс",Beauty,30,30,0,4.1,4.2,0.7145588986375644,0.6259259259259257,0.6592592592592591,0.7189244530506547,0.22222222222222288,135.0,0.6752717391308078,0.8378489060996337,1.0,0.5433197761639003,0.6618741788098776,0.8571428571428571,0.594398773360592,59.439877336059205,82.0,541,81,533,-8
147130468,Samsung WW70AK5S21EELT белый,HomeAppliances,29,29,0,4.931034482758621,5.0,0.8236083294347739,1.0,1.0,0.7728108800835074,0.0,24.0,0.875,0.9456217601651237,1.0,0.35599465733786223,0.8698233039462715,0.8529411764705882,0.8142998802223859,81.42998802223859,98.62068965517243,159,30,178,19
147221761,"Диван Shabyt РИО, 300х90 см, обивка велюр, бежевый",Furniture,9,9,0,4.222222222222222,4.111111111111111,0.709525164157541,0.416666666666677,0.0,0.565125538998495,1.666666666666708,6.0,0.125,0.5302510779959296,0.2083333333352867,0.2152097982069809,0.35691751159924506,0.6428571428571429,0.3272330197385459,32.72330197385459,84.44444444444444,675,71,508,-167
147221847,"Диван Shabyt РИО, 300х90 см, обивка велюр, бледно-голубой",Furniture,5,5,0,5.0,5.0,0.8903646667323241,1.0,1.0,0.8568581827504212,0.0,1.0,0.875,1.0,1.0,0.07665927685739374,0.8244063826227439,0.5,0.6560315890016623,65.60315890016622,100.0,493,35,1,-492
147221992,"Диван Shabyt РИО, 300х90 см, обивка велюр, серый",Furniture,28,28,0,5.0,5.0,0.8186667053605132,1.0,1.0,0.8310675836572143,0.0,22.0,0.875,1.0,1.0,0.34677298837094817,0.8693925741120202,0.8484848484848485,0.8122037101213935,81.22037101213935,100.0,168,12,1,-167
147232113,Gegemoon Крем для рук 4 штуки & бальзам для губ 4 штуки набор по уходу за лицом и телом для женщин,Beauty,27,27,0,5.0,4.777777777777778,0.7763355370891847,1.0,1.0,0.6225610012117314,0.0,1.0,0.875,0.6451220024221727,1.0,0.07665927685739374,0.8036915592351593,0.84375,0.7415883388413689,74.15883388413688,100.0,384,43,1,-383
147277325,"Диван Shabyt РИО, 300х90 см, обивка велюр, бежевый",Furniture,7,7,0,4.571428571428571,4.428571428571429,0.9007991443917897,1.0,1.0,0.9344071856035846,0.0,2.0,0.875,1.0,1.0,0.12150207915137025,0.8315303803021112,0.5833333333333334,0.6871998847826666,68.71998847826666,91.42857142857143,460,30,417,-43
147374044,HONOR X9d 8 ГБ/256 ГБ черный,Smartphones,10,10,0,5.0,4.6,0.7567105381894208,1.0,0.7777777777777756,0.6234719102687533,0.8888888888888983,18.0,0.875,0.6469438205362127,0.6944444444452025,0.325643051323212,0.8322382750196969,0.6666666666666666,0.7145290547391805,71.45290547391805,100.0,430,39,1,-429
147383499,Наушники ArrowX Pro 2 белый,Headphones,30,28,2,2.3214285714285716,2.4285714285714284,0.6956857581927559,0.4351851851851878,0.4490740740740754,0.7504984141769341,0.09259259259258396,108.0,0.4365384615386738,0.9009968283520662,1.0,0.518844115974947,0.4914641756269593,0.8484848484848485,0.41380512854894114,41.380512854894114,46.42857142857143,658,65,682,24
147386473,Мини стиральная машинка фиолетовый,HomeAppliances,24,23,1,3.9565217391304346,4.043478260869565,0.6746190012642532,0.6304347826086771,0.6195652173912863,0.725394839675577,0.3913043478260679,23.0,0.6213235294114241,0.8507896793494526,1.0,0.3514799097235515,0.6429657654860724,0.8214285714285714,0.5711685240237536,57.11685240237536,79.13043478260869,562,61,551,-11
147507835,Samsung WW70AK5S21CXLT черный,HomeAppliances,27,27,0,4.851851851851852,4.888888888888889,0.7981108624924345,0.9285714285714286,0.9464285714285715,0.8102653108531784,0.07142857142857142,14.0,0.875,1.0,1.0,0.2994994078203014,0.8467461031417067,0.84375,0.7867216237564602,78.67216237564601,97.03703703703704,272,40,266,-6
147573966,"Skin1004 сыворотка Skin1004 сыворотка Probio-Cica / Madagascar Centella. для лица, для зоны декольте 95 мл",Beauty,9,9,0,4.777777777777778,4.777777777777778,0.7296085467053424,1.0,1.0,0.8719671807851341,0.0,1.0,0.875,1.0,1.0,0.07665927685739374,0.8244063826227439,0.6428571428571429,0.700612043002137,70.0612043002137,95.55555555555554,445,58,319,-126
147791721,Vivo Y04s 6 ГБ/256 ГБ золотистый,Smartphones,27,27,0,5.0,5.0,0.900628785166922,1.0,1.0,0.9010203380443247,0.0,56.0,0.875,1.0,1.0,0.44714513047458226,0.8874076615416298,0.84375,0.8293463860658402,82.93463860658402,100.0,84,10,1,-83
148010487,"ASUS TUF A15 FA506 15.6"" / 16 Гб / SSD 512 Гб / Без ОС / 90NR0JF7-M00JE0",Laptops,27,27,0,5.0,4.925925925925926,0.8228731735155107,1.0,0.9821428571428581,0.8079638802307428,0.07142857142856762,28.0,0.875,1.0,1.0,0.37240931007344175,0.8739255479598387,0.84375,0.8152133348630364,81.52133348630363,100.0,150,34,1,-149
148289245,Наушники Virma TuneFlow ANC черный,Headphones,29,29,0,5.0,4.9655172413793105,0.7961517817966804,1.0,0.9934210526315791,0.7929424014654697,0.02631578947368369,38.0,0.875,0.9858848029289676,1.0,0.4051751119984443,0.8796075759618558,0.8529411764705882,0.8246682807132777,82.46682807132777,100.0,100,9,1,-99
148424821,Apple iPhone 17 Pro 512Gb Dual eSim темно-синий,Smartphones,29,29,0,4.793103448275862,4.793103448275862,0.7927846453358105,0.7051282051281903,0.7051282051281903,0.773409115548111,0.0,39.0,0.7608695652176769,0.9468182310943284,1.0,0.40797515924111233,0.7263476385089972,0.8529411764705882,0.6622586085180195,66.22586085180195,95.86206896551724,486,46,308,-178
148425720,Apple iPhone 17 Pro 256Gb Dual eSim серебристый,Smartphones,29,29,0,4.344827586206897,4.344827586206897,0.7890623023620963,0.40895953757223924,0.40895953757223924,0.84140183961787,0.0,173.0,0.3998940677968915,1.0,1.0,0.5705706660822057,0.47881625843142434,0.8529411764705882,0.3999494169277246,39.994941692772464,86.89655172413794,663,66,484,-179
148425828,Apple iPhone 17 Pro Max 256Gb Dual eSim оранжевый,Smartphones,28,28,0,4.285714285714286,4.285714285714286,0.8676906900203399,0.5696721311475376,0.5696721311475376,0.7763463053591633,0.0,244.0,0.5817307692305104,0.9526926107164212,1.0,0.608416925082893,0.6148219727876053,0.8484848484848485,0.543844500058744,54.3844500058744,85.71428571428571,596,56,498,-98
148442483,Apple iPhone 17 256Gb Dual eSim фиолетовый,Smartphones,18,18,0,4.777777777777778,4.777777777777778,0.8788659169713824,0.8918918918918883,0.8918918918918883,0.8796083145047765,0.0,37.0,0.875,1.0,1.0,0.40230232818060574,0.8491351209360583,0.782608695652174,0.7682675822214655,76.82675822214655,95.55555555555554,329,25,319,-10
148442876,Apple iPhone 17 256Gb Dual eSim черный,Smartphones,29,29,0,4.758620689655173,4.620689655172414,0.7749548920668373,0.9110169491525364,0.8771186440677925,0.7874811016642238,0.1355932203389753,59.0,0.875,0.9749622033264977,1.0,0.4528179615350888,0.8650032792294515,0.8529411764705882,0.8091920963667874,80.91920963667873,95.17241379310344,184,17,336,152
148446946,Apple iPhone 17 Pro 256Gb Dual eSim оранжевый,Smartphones,28,28,0,3.75,3.75,0.852605194390919,0.5109374999999956,0.5109374999999956,0.8804226991728313,0.0,160.0,0.5157185628741852,1.0,1.0,0.5619827865779291,0.5635492322107156,0.8484848484848485,0.48979461335785707,48.97946133578571,75.0,631,61,583,-48
148470698,ABIX B600 109 см черный,TVs,1,1,0,5.0,5.0,0.957538568728992,1.0,1.0,0.957538568728992,0.0,0.0,0.875,1.0,1.0,0.0,0.8125366885156105,0.16666666666666666,0.5495526962680757,54.95526962680757,100.0,581,72,1,-580
148471528,Muxxed M F60168CB W белый,HomeAppliances,29,29,0,4.655172413793103,4.620689655172414,0.7929311935050184,0.9166666666666652,0.9139784946236548,0.8303471982625127,0.18279569892472813,93.0,0.875,1.0,1.0,0.5024700414671426,0.8758818300604294,0.8529411764705882,0.8207201049499959,82.07201049499959,93.10344827586206,125,20,387,262
148471547,Muxxed M F60168CB DG темно‑серый,HomeAppliances,28,28,0,4.571428571428571,4.607142857142857,0.7797485871347264,0.9135802469135832,0.9228395061728415,0.7894248849788035,0.061728395061722986,81.0,0.875,0.9788497699556493,1.0,0.4873653392572963,0.8717549757336552,0.8484848484848485,0.8146940692977259,81.46940692977259,91.42857142857143,155,28,417,262
148475007,Кукла коллекционная Kpop охотницы на демонов huntrix 30 см,Kids,28,28,0,4.571428571428571,4.571428571428571,0.800540095373272,0.8076923076922965,0.8076923076922965,0.7877639935203643,0.0,39.0,0.875,0.9755279870387776,1.0,0.40797515924111233,0.8044477461237776,0.8484848484848485,0.7437411985591524,74.37411985591524,91.42857142857143,379,44,417,38
148535805,Samsung UE32F6000FUXKZ 81 см черный,TVs,29,29,0,4.862068965517241,4.827586206896552,0.8274741920948866,0.9714285714285716,0.9571428571428577,0.8309019765361874,0.2857142857142826,35.0,0.875,1.0,1.0,0.39632271201752794,0.8744250346743515,0.8529411764705882,0.819176337772215,81.9176337772215,97.24137931034483,132,17,247,115
148535839,Samsung UE43F6000FUXKZ 109 см черный,TVs,30,29,1,4.793103448275862,4.827586206896552,0.8023240653001952,1.0,0.8500000000000001,0.6797723121269512,0.6,5.0,0.875,0.7595446242523834,0.8750000000003125,0.19816135600876397,0.8305722582086874,0.8529411764705882,0.772705517223752,77.2705517223752,95.86206896551724,317,38,308,-9
148703886,"Acer Nitro Lite NL16-71G 16"" / 16 Гб / SSD 512 Гб / Без ОС / NH.DAAER.001",Laptops,28,28,0,4.821428571428571,4.892857142857143,0.8278671272245627,0.9374999999999993,0.9499999999999986,0.8348769223845609,0.049999999999996894,60.0,0.875,1.0,1.0,0.4546460355287156,0.8758574829215047,0.8484848484848485,0.8190187854372953,81.90187854372954,96.42857142857142,133,30,292,159
148731329,LABA сыворотка LABÁ BAKUCHIOL для лица 30 мл,Beauty,3,3,0,5.0,4.0,0.624548357241553,1.0,0.75,0.624548357241553,1.0,0.0,0.875,0.6490967144818078,0.6250000000009375,0.0,0.7866453452238846,0.375,0.5994307141519858,59.943071415198574,100.0,539,80,1,-538
148731692,Крем омолаживающий набор (сыворотка-стик + крем) для лица 50 мл,Beauty,19,18,1,5.0,4.888888888888889,0.7040360716896834,1.0,1.0,0.7360855601848364,0.0,6.0,0.875,0.8721711203679285,1.0,0.2152097982069809,0.8426087562615724,0.782608695652174,0.7619218729462144,76.19218729462143,100.0,343,36,1,-342
148883799,"PRYME OfficeBook 15.6"" / 8 Гб / SSD 256 Гб / Win 11 / OfficeBook N15",Laptops,28,28,0,5.0,5.0,0.8633857615502348,1.0,1.0,0.9021957776223234,0.0,23.0,0.875,1.0,1.0,0.3514799097235515,0.8702213547597655,0.8484848484848485,0.8130773809961411,81.30773809961411,100.0,164,37,1,-163
148971454,Muxxed M F80268EB DG темно‑серый,HomeAppliances,30,30,0,4.866666666666666,4.833333333333333,0.8137943561294486,0.984615384615386,0.9807692307692325,0.8504772424571404,0.04615384615384191,65.0,0.875,1.0,1.0,0.4633588822311023,0.8887935106292556,0.8571428571428571,0.8360499262214758,83.60499262214758,97.33333333333333,64,9,235,171
148971547,Leadbros L F70268AB DG темно‑серый,HomeAppliances,30,30,0,4.866666666666666,4.933333333333334,0.8226306868435153,0.9418604651162766,0.9709302325581383,0.7913210316119752,0.11627906976744647,43.0,0.875,0.9826420632219852,1.0,0.4185160799371258,0.87074996333081,0.8571428571428571,0.8168349744965167,81.68349744965167,97.33333333333333,144,25,235,91
149101636,"ARTEO Ignis RX 15.6"" / 16 Гб / SSD 512 Гб / Win 11 / 65487891233",Laptops,30,30,0,4.933333333333334,4.8,0.7916625687448212,1.0,0.8333333333333334,0.7320239955091078,0.6666666666666666,6.0,0.875,0.8640479910164875,0.83333333333375,0.2152097982069809,0.8399129067050459,0.8571428571428571,0.7839959465269487,78.39959465269487,98.66666666666667,286,54,167,-119
149101653,"ARTEO Titan Game R7 15.6"" / 16 Гб / SSD 512 Гб / Win 11 / 794561235",Laptops,30,30,0,5.0,5.0,0.8331559665048256,1.0,1.0,0.7762714680699373,0.0,8.0,0.875,0.9525429361379696,1.0,0.2430041583027405,0.8505824725747209,0.8571428571428571,0.7953581908639997,79.53581908639997,100.0,234,50,1,-233
149251179,Bioaqua Комплексный набор от прыщей и акне с салициловой кислотой (пенка+крем) набор по уходу за лицом унисекс набор по уходу за лицом унисекс,Beauty,14,14,0,4.928571428571429,4.785714285714286,0.6224806330779666,1.0,0.625,0.37510972140135174,1.5,2.0,0.6249999999996667,0.15021944280240307,0.31250000000171874,0.12150207915137025,0.7042587063539659,0.7368421052631579,0.6199510932035011,61.9951093203501,98.57142857142858,526,73,185,-341
149582068,Vivo Y03 4 ГБ/256 ГБ золотистый + подарок,Smartphones,27,27,0,4.962962962962963,4.925925925925926,0.8584690267942094,1.0,1.0,0.6929082345719517,0.0,2.0,0.875,0.7858164691423318,1.0,0.12150207915137025,0.8222856941590285,0.84375,0.76108022780645,76.108022780645,99.25925925925925,347,27,146,-201
149582071,Vivo Y03 4 ГБ/256 ГБ золотистый + подарок,Smartphones,18,18,0,4.944444444444445,5.0,0.8848166408718344,1.0,1.0,0.9754338599391305,0.0,1.0,0.875,1.0,1.0,0.07665927685739374,0.8244063826227439,0.782608695652174,0.7442233566982537,74.42233566982537,98.88888888888889,377,30,165,-212
149648227,Samsung UE43U8000FUXKZ 109 см черный,TVs,26,25,1,4.88,4.68,0.8352690134433943,0.75,0.75,0.4010398964595866,0.0,8.0,0.875,0.20207979291876907,1.0,0.2430041583027405,0.6829575355212396,0.8333333333333334,0.6136050240170854,61.360502401708544,97.6,530,64,228,-302
149648823,Samsung UE50U8000FUXKZ 127 см черный,TVs,22,22,0,4.954545454545454,4.7727272727272725,0.8127076793755751,0.75,0.75,0.5175106781898864,0.0,1.0,0.875,0.43502135637890277,1.0,0.07665927685739374,0.6962290121600329,0.8148148148148148,0.6245156120178643,62.45156120178643,99.09090909090908,522,62,161,-361
149692656,"Refresh NT156 15.6"" / 16 Гб / SSD 512 Гб / Win 11 / DSXU141S/N3350/5+256/250835",Laptops,30,30,0,4.9,4.933333333333334,0.8349819023821532,0.9687500000000002,0.9750000000000002,0.8456974159362095,0.024999999999999762,40.0,0.875,1.0,1.0,0.41070606239990254,0.8764814326541764,0.8571428571428571,0.8229385363150434,82.29385363150435,98.00000000000001,109,29,204,95
149769320,YAMMY крем Grape Seeds для области вокруг глаз 20 г,Beauty,8,8,0,4.75,4.5,0.8153031167943623,1.0,1.0,0.8979276309336303,0.0,3.0,0.875,1.0,1.0,0.15331855371478748,0.8366668370731734,0.6153846153846154,0.7014127151334041,70.14127151334041,95.0,443,57,343,-100
149895668,"Крем Крем Celimax бустер с ретинолом 0,1% для лица, для области вокруг глаз, для зоны декольте, для носогубной области 15 мл",Beauty,2,2,0,5.0,5.0,0.926491597266727,1.0,1.0,0.926491597266727,0.0,0.0,0.875,1.0,1.0,0.0,0.8125366885156105,0.2857142857142857,0.5849474793167012,58.494747931670126,100.0,546,84,1,-545
150015900,Leadbros L F80268EB DG серый,HomeAppliances,28,28,0,4.285714285714286,4.321428571428571,0.762652172900064,0.7201492537313361,0.7276119402984996,0.7630985741320713,0.11940298507462803,67.0,0.8133561643837479,0.9261971482622902,1.0,0.46666049930650655,0.7472979585519585,0.8484848484848485,0.6834959394120559,68.34959394120558,85.71428571428571,463,54,498,35
150271323,Наушники Cheezle CR-8 коричневый,Headphones,28,28,0,4.607142857142857,4.428571428571429,0.7890427459119967,0.8421052631578813,0.7763157894736733,0.7896081440899195,0.26315789473683177,19.0,0.875,0.9792162881778806,1.0,0.3313158823837186,0.8142505053451375,0.8484848484848485,0.7540749162287983,75.40749162287983,92.14285714285714,358,40,405,47
150271682,Samsung UE65U8000FUXKZ 165 см черный,TVs,21,21,0,4.9523809523809526,4.9523809523809526,0.8172217381838335,1.0,1.0,0.8671970193682111,0.0,11.0,0.875,1.0,1.0,0.2748206328661577,0.856917495624427,0.8076923076923077,0.7846753845218554,78.46753845218554,99.04761904761905,283,33,163,-120
150271759,Samsung UE55U8000FUXKZ 140 см черный,TVs,28,28,0,4.964285714285714,4.928571428571429,0.8588560892429176,1.0,1.0,0.8351196958805857,0.0,11.0,0.875,1.0,1.0,0.2748206328661577,0.856917495624427,0.8484848484848485,0.7990529291946763,79.90529291946763,99.28571428571429,225,24,136,-89
150624212,Dr. Althea крем 345 dr Althea восстоновливающий крем корея для лица 50 мл,Beauty,28,28,0,3.7857142857142856,4.071428571428571,0.717223051365066,0.512499999999981,0.7250000000000009,0.6697594703603046,0.9500000000000763,40.0,0.806818181818407,0.7395189407191302,0.6562500000008117,0.41070606239990254,0.587379973546674,0.8484848484848485,0.5149161273380805,51.49161273380804,75.71428571428571,614,107,578,-36
150635882,СпивакЪ крем-сыворотка Крем-сыворотка с Ретинолом и ниацинамидом для лица 50 г,Beauty,4,4,0,4.75,4.5,0.5793983239183225,0.9375,0.875,0.5793983239183225,0.25,0.0,0.875,0.5587966478355274,1.0,0.0,0.7733434684974848,0.4444444444444444,0.6104987625945253,61.04987625945253,95.0,535,77,343,-192
151041066,DARKNESS Спортивные Наушники U5,Headphones,25,25,0,4.92,4.56,0.6983341888997452,1.0,0.9166666666666666,0.7703793808351544,0.3333333333333333,3.0,0.875,0.9407587616684274,1.0,0.15331855371478748,0.8354100162412428,0.8333333333333334,0.7714451484188342,77.14451484188342,98.4,320,31,196,-124
151094711,Крем Подарочный Новогодний набор косметики для ухода для лица 120 мл,Beauty,1,1,0,5.0,5.0,0.9601228977546972,1.0,1.0,0.9601228977546972,0.0,0.0,0.875,1.0,1.0,0.0,0.8125366885156105,0.16666666666666666,0.5495526962680757,54.95526962680757,100.0,581,93,1,-580
151556304,Наушники FaizFull Faiz 5 белый,Headphones,26,26,0,5.0,4.615384615384615,0.7872762489158714,1.0,0.8928571428571429,0.7778366177900399,0.42857142857142855,28.0,0.875,0.9556732355781685,0.9821428571429018,0.37240931007344175,0.872960402285787,0.8387096774193549,0.8123246394813988,81.23246394813988,100.0,167,16,1,-166
151572718,Fito Косметик крем 7118 для лица 50 мл,Beauty,1,1,0,3.0,4.0,0.3884704628567095,0.5,0.75,0.3884704628567095,1.0,0.0,0.875,0.17694092571306513,0.6250000000009375,0.0,0.5274362847340694,0.16666666666666666,0.490517535951445,49.0517535951445,60.0,630,110,652,22
151711434,Bioaqua крем 09765 для лица 50 мл,Beauty,3,3,0,4.333333333333333,3.6666666666666665,0.8209015966299521,0.8333333333333334,0.6666666666666666,0.8209015966299521,0.6666666666666666,0.0,0.687500000000375,1.0,0.83333333333375,0.0,0.7416058204692763,0.375,0.5784466680380111,57.84466680380112,86.66666666666666,556,88,485,-71
151778940,Наушники ELERON ELR-M90 бежевый,Headphones,29,29,0,5.0,4.862068965517241,0.7240824138779378,1.0,0.9583333333333346,0.7297820109549898,0.1666666666666615,12.0,0.875,0.8595640219082606,1.0,0.28367303284707407,0.853150803002742,0.8529411764705882,0.7966320183015454,79.66320183015453,100.0,230,26,1,-229
151999911,Fito Косметик крем Голубой ретинол fito evolution для лица 50 мл,Beauty,3,3,0,5.0,5.0,0.7485588243810701,1.0,1.0,0.7485588243810701,0.0,0.0,0.875,0.897117648760346,1.0,0.0,0.8098624891220123,0.375,0.610247649296117,61.0247649296117,100.0,536,78,1,-535
152237510,Dr. Althea крем Relief Cream для лица 50 мл,Beauty,27,27,0,4.925925925925926,5.0,0.7676891192960765,0.975,1.0,0.7592885822166303,0.1,10.0,0.875,0.9185771644314236,1.0,0.26519752622233833,0.8499356753156155,0.84375,0.7900651934850057,79.00651934850058,98.51851851851852,258,19,190,-68
152237663,Dr. Althea крем Успокаивающий крем для лица 50 мл,Beauty,25,25,0,4.92,4.8,0.7416167277800234,0.98,0.95,0.7416167277800234,0.28,0.0,0.875,0.8832334555582804,1.0,0.0,0.806657741573094,0.8333333333333334,0.7416767734535958,74.16767734535958,98.4,383,42,196,-187
152332059,"FIREBAT T6A 16"" / 16 Гб / SSD 512 Гб / Win 11 / 5R6616F8",Laptops,12,12,0,5.0,4.916666666666667,0.8380609483470911,1.0,0.9901960784313736,0.8534759662879537,0.03921568627450577,51.0,0.875,1.0,1.0,0.43699158656186154,0.8855524748936786,0.7058823529411765,0.7739046300381335,77.39046300381335,100.0,316,55,1,-315
152662393,Bioaqua Набор Vitamin C: Осветляющая пенка + Антиоксидантный крем для лица набор по уходу за лицом унисекс,Beauty,7,7,0,5.0,5.0,0.7289215304252409,1.0,1.0,0.7289215304252409,0.0,0.0,0.875,0.8578430608487662,1.0,0.0,0.8081693261701174,0.5833333333333334,0.6702692440278897,67.02692440278896,100.0,477,63,1,-476
153174970,ZTE Blade A76 4 ГБ/128 ГБ золотистый + подарок,Smartphones,19,19,0,4.894736842105263,4.947368421052632,0.8804938269510106,0.9832089552238805,0.9925373134328359,0.8825841043231215,0.037313432835821274,268.0,0.875,1.0,1.0,0.6187524678952616,0.9180836679469432,0.7916666666666666,0.839188448724001,83.9188448724001,97.89473684210526,52,7,215,163
153281956,"Oshiaree крем-сыворотка Набор косметики PST-cell для лица, для области вокруг глаз 120 мл",Beauty,1,1,0,5.0,5.0,0.9010553946092787,1.0,1.0,0.9010553946092787,0.0,0.0,0.875,1.0,1.0,0.0,0.8125366885156105,0.16666666666666666,0.5495526962680757,54.95526962680757,100.0,581,93,1,-580
154458405,Bielenda крем Green tea combination skin mattifuing cream для лица 50 мл,Beauty,1,1,0,5.0,5.0,0.6612056649314799,1.0,1.0,0.6612056649314799,0.0,0.0,0.875,0.722411329861515,1.0,0.0,0.7996890557559209,0.16666666666666666,0.5468923631026459,54.68923631026459,100.0,591,102,1,-590
154802375,"DR.PLINUS Набор тонер, крем набор по уходу за лицом унисекс",Beauty,29,28,1,5.0,4.821428571428571,0.7443050754601697,1.0,1.0,0.8881572623713874,0.0,13.0,0.875,1.0,1.0,0.29186907506437465,0.8598405527608578,0.8484848484848485,0.8021343113339318,80.21343113339317,100.0,214,10,1,-213
155238841,Добавка в косметику Антибактериальное средство для лица с органическим чайным деревом и лаймом Love Nature для лица 10 мл,Beauty,1,1,0,5.0,5.0,0.8211861539785807,1.0,1.0,0.8211861539785807,0.0,0.0,0.875,1.0,1.0,0.0,0.8125366885156105,0.16666666666666666,0.5495526962680757,54.95526962680757,100.0,581,93,1,-580
156599821,Leadbros L F60172CB W белый,HomeAppliances,30,30,0,4.966666666666667,4.933333333333334,0.821136239533749,1.0,0.9895833333333334,0.8251748983456724,0.041666666666666664,24.0,0.875,1.0,1.0,0.35599465733786223,0.871017771208525,0.8571428571428571,0.8171201687189577,81.71201687189577,99.33333333333334,141,24,121,-20
157176581,"Велосипед Unizavr 29/21 сталь, горный городской взрослый 2026 21 дюйм черный-синий",Sport,17,17,0,4.764705882352941,4.823529411764706,0.8389296594840042,0.0,0.25,0.6387248483782143,1.0,1.0,0.125,0.6774496967550737,0.6250000000009375,0.07665927685739374,0.18952010841094707,0.7727272727272727,0.13162199790167267,13.162199790167268,95.29411764705881,684,75,335,-349
159278926,Велосипед TIANS 2025 19 дюймов черный,Sport,7,7,0,5.0,5.0,0.8493482790999879,1.0,1.0,0.9642848130038507,0.0,2.0,0.875,1.0,1.0,0.12150207915137025,0.8315303803021112,0.5833333333333334,0.6871998847826666,68.71998847826666,100.0,460,59,1,-459
159433478,Markfume крем Мужской крем для лица для лица 100 мл,Beauty,1,1,0,5.0,5.0,0.7111402498844765,1.0,1.0,0.7111402498844765,0.0,2.0,0.875,0.8222804997673085,1.0,0.12150207915137025,0.8247527848320713,0.16666666666666666,0.5520822584676378,55.20822584676378,100.0,577,92,1,-576
161170386,"Fitoleum масло Масло косметическое из цветков тимьяна и зизифоры для лица, для зоны декольте 30 мл",Beauty,2,2,0,5.0,5.0,0.7052739164358882,1.0,1.0,0.7052739164358882,0.0,0.0,0.875,0.8105478328701554,1.0,0.0,0.8056577031790092,0.2857142857142857,0.5825056207587506,58.25056207587506,100.0,552,86,1,-551
